,created_at,polarity,text
0,2020-09-19,0.5,"Con mi hermano @LaramaDavid visitamos a nuestras queridas hermanas y hermanos comerciantes de las poderosas ""mañaneras"" de la ciudad de #LaPaz. Gracias a su apoyo y ejemplo de trabajo #VamosASalirAdelante"
1,2020-09-19,0.25,"Hoy visitamos el Mercado “Las mañaneras” y nos llenamos de la energía de nuestro pueblo.
#vamosasaliradelante"
2,2020-09-19,0.0,"¡El Alto de Pie!

#VamosASalirAdelante
#VamosARecuperarLaDemocracia"
3,2020-09-20,0.175,"Nos encontramos reunidos desde temprano con jóvenes representantes de la Confederación de Estudiantes en Formación de Maestros de #Bolivia y de la FUL UPEA, dialogando sobre la crisis educativa que estamos viviendo y trabajando colectivamente propuestas. #VamosASalirAdelante"
4,2020-09-20,0.13636363636363635,"Esta noche estaremos conversando con nuestro hermano Andrónico Rodríguez y toda la juventud. Las y los esperemos desde las 19:00 hrs. #VamosASalirAdelante

Síguenos en vivo por:
https://www.facebook.com/LuchoXBolivia/"
5,2020-09-20,0.30000000000000004,"Con nuestro hermano David Choquehuanca, convocamos a toda la juventud en su conjunto a estar presentes en el Gran Lanzamiento de nuestra Política de Juventudes.
.
Con el apoyo y aporte de la juventud reconstruiremos nuestra Patria, solo al lado de las y los jóvenes
.
#VamosASalirAdelante."
6,2020-09-21,0.08333333333333334,Desayunamos con @LaramaDavid y nuestros compañeros lustrabotas de la ciudad de #ElAlto. Desde temprano trabajan en las calles y de seguir la crisis económica y social serán los más afectados. No queremos hambre para #Bolivia. #VamosASalirAdelante
7,2020-09-21,0.8,"El 18 de octubre nuestra juventud tiene una gran responsabilidad. Tu voto definirá el futuro de nuestra Patria.
#VamosASalirAdelante
.
.
.
.
.
.
.
.
.
#luisarce #luchoarce #masipsp #bolivia #elecciones2020 #juventud #jovenes #jovenesciudadanos #dosmodelos #futuro #elegir #elegirtufuturo"
8,2020-09-21,0.3466666666666667,"¡Gracias juventud!
Muchas gracias mis hermanas y hermanos jóvenes. En sus manos está devolver a #Bolivia la estabilidad económica y social. Nuestro gobierno será de los jóvenes. #VamosASalirAdelante
.
.
.
.
.
.
.
.
.
#luchoarce #luisarce #masipsp #juventud #primavera #democracia #futuro #bolivia #elecciones2020"
9,2020-09-21,0.3,"¡Los jóvenes son la reserva moral de #Bolivia!

Es tiempo que la juventud participe y cumpla su rol histórico en la recuperación de la patria. Con ustedes, demostraremos que sabemos y podemos gobernar. En octubre volveremos a sonreír mis hermanas y hermanos. #VamosASalirAdelante
.
.
.
.
.
.
.
#luchoarce #luisarce #masipsp #davidchoquehuanca #juventud #bolivia #futuro #democracia #elecciones2020"
10,2020-09-21,0.0,"Conmemoramos el Día del Médico en #Bolivia rindiendo homenaje a todos los profesionales de la medicina que entregaron su vida luchando contra la pandemia. Reconocemos su sacrificio y entrega para salvar vidas a pesar de no contar con las condiciones necesarias ¡Muchas gracias!
.
.
.
.
.
.
.
.
#luchoarce #luisarce #masipsp #diadelmedico #bolivia #pandemia #covid19 #salud #sistemadesalud #crisissanitaria"
11,2020-09-22,1.3,"Soy #LuchoArce, candidato a presidente de #Bolivia por el MAS-IPSP, economista boliviano, docente, orgulloso de mis raíces y de caminar al lado del pueblo. Con tu apoyo, estoy seguro que #VamosASalirAdelante
.
.
.
.
.
.
.
.
#luisarce #luchoarce #masipsp #bolivia #elecciones2020 #democracia #economia #luchoxbolivia"
12,2020-09-22,0.7,"¡Estamos en la capital de #Bolivia! Recorremos las calles de #Sucre recibiendo el cariño y apoyo de nuestras hermanas y hermanos. Estamos muy cerca de la victoria.

#VamosASalirAdelante."
13,2020-09-22,0.18666666666666665,"Recuperaremos la institucionalidad cultural y potenciaremos las economías culturales y creativas, bajo la premisa de la equidad, interculturalidad y reconocimiento de su contribución al desarrollo económico y social de #Bolivia. #VamosASalirAdelante
.
#.
.
.
.
.
.
#luchoarce #luisarce #masipsp #cultura #bolivia #economiacultural"
14,2020-09-22,0.5333333333333333,"Nos encontramos reunidos con nuestras hermanas y hermanos militantes, candidatos y dirigentes de organizaciones sociales de #Chuquisaca. Escuchando sus reflexiones y planificando mejor nuestro trabajo para el beneficio del pueblo chuquisaqueño.

#VamosASalirAdelante"
15,2020-09-22,0.38571428571428573,Profundamente agradecido con mis hermanas y hermanos que nos dieron un especial recibimiento hoy en nuestro paso por el Mercado Campesino de la ciudad de #Sucre. Su apoyo nos hace más fuertes para seguir unidos en la lucha hasta nuestra victoria el 18/10. #VamosASalirAdelante
16,2020-09-22,1.0,"Tenemos a las y los profesionales, la capacidad y experiencia para gobernar #Bolivia. Rescataremos los mejores perfiles para el proceso de industrialización.

Gracias por sus reflexiones mis hermanas y hermanos chuquisaqueños.

#VamosASalirAdelante."
17,2020-09-22,0.5,"Durante muchos años hemos luchado con mi hermano @LaramaDavid por el bien del pueblo boliviano. Hoy estamos firmes para devolver a nuestra patria la dignidad y democracia que nos arrebataron. #VamosASalirAdelante
.
.
.
.
.
.
.
.
#davidchoquehuanca #masipsp #luchoarce #aymara #bolivia #elecciones2020 #binomio #democracia"
18,2020-09-23,0.6787878787878788,"Con nuestra propuesta #Bolivia será autosostenible en la producción de diésel y combustibles ecológicos.
Generaremos más de 200 mil nuevos empleos, dinamizaremos la actividad económica e ingresaremos a la economía circular. Transformaremos #Bolivia.

#VamosASalirAdelante"
19,2020-09-23,0.4625,"Política de combustibles ecológicos

Producción de diesel y combustibles ecológicos.
Grandes proyectos para transformar #Bolivia. #VamosASalirAdelante
.
.
.
.
.
.
.
#luchoarce #luisarce #masipsp #bolivia #combustible #combustibleecologico #biodiesel #dieselverde"
20,2020-09-23,0.5,"¡Gracias #SantaCruz!
Se siente el cariño y apoyo del pueblo cruceño, rumbo a la victoria del 18 de octubre. Recuperaremos la democracia y la estabilidad mis hermanas y hermanos. ¡Venceremos!
#VamosASalirAdelante"
21,2020-09-23,1.0,"¡Gracias por el recibimiento #Plan3000!
Me conmueve recorrer las calles en las que nuestras hermanas y hermanos enfrentaron la persecución y violencia de grupos radicales. ¡Pronto el llanto se convertirá en alegría! #VamosASalirAdelante
.
.
..
.
.
.
.
.
#luchoarce #luisarce #masipsp #santacruz #bolivia #democracia #elecciones2020"
22,2020-09-23,0.18333333333333335,"En el Día Nacional contra la Trata y Tráfico de Personas en #Bolivia sabemos que el Estado debe jugar un rol más activo y preventivo contra este flagelo. Nuestro compromiso es ajustar los mecanismos institucionales y luchar frontalmente para evitar el dolor de las familias.
.
.
.
.
.
.
.
.
.
.
#LuchoArce #luisarce #masipsp #diacontralatratadepersonas #noalatrata #derechos #derechoshumanos"
23,2020-09-24,1.2416666666666667,"#SantaCruz
#NorteIntegrado
Hermoso recibimiento de mis hermanas y hermanos de sindicatos de mototaxis, juventudes y organizaciones sociales de Warnes. Sentimos el gran apoyo del pueblo. Unidos #VamosASalirAdelante ¡Viva Santa Cruz!
.
.
.
.
.
.
.
.
#luchoarce #luisarce #masipsp #santacruz #warnes #mototaxistas #caravana #bolivia #elecciones2020"
24,2020-09-24,0.85,"¡Felicidades mi querida #SantaCruz! Mi reconocimiento al pueblo cruceño, hospitalario, trabajador y visionario. Gracias mis hermanas y hermanos por el apoyo y cariño que siempre he sentido en esta hermosa tierra. ¡Viva Santa Cruz!

#VamosASalirAdelante"
25,2020-09-25,2.2249999999999996,"Luego de una intensa jornada en #SantaCruz, compartimos momentos con la familia. Buenas noches hermanas y hermanos. Gracias por la acogida. Somos felices de estar en esta hermosa tierra.
.
.
.
.
.
.
.
.
#luchoarce #luisarce #masipsp #bolivia #elecciones2020 #familia #cantar #musica"
26,2020-09-25,0.06818181818181818,Hoy presentamos una nueva propuesta para reconstruir nuestra economía.
27,2020-09-25,0.0,"¡Estamos en #Potosí!

Con mi hermano David Choquehuanca, acompañados de nuestras hermanas y hermanos, iniciamos nuestra caminata en la tierra bendecida del Salar de Uyuni. Rumbo a la victoria de octubre.

#VamosASalirAdelante"
28,2020-09-25,0.18333333333333335,"Desde el majestuoso Salar de Uyuni, reafirmamos nuestras alianzas con las organizaciones sociales para la defensa del litio. Nuestro recurso natural es una de las mayores reservas del mundo y representa la soberanía económica y motor de nuestra liberación. #VamosASalirAdelante"
29,2020-09-25,0.2,"Muy agradecido por las muestras de cariño y apoyo de mis hermanas y hermanos de #Uyuni. Con mi hermano David Choquehuanca, nos fortalecemos para defender e industrializar el litio. No permitiremos que las transformaciones se apropien de nuestra riqueza #VamosASalirAdelante
.
.
.
.
.
.
.
.
.
#luchoarce #luisarce #bolivia #uyuni #salar #litio"
30,2020-09-25,0.12323232323232323,"#Uyuni #Potosí
Estamos reunidos con nuestras hermanas y hermanos mineros cooperativistas de Potosí. Escuchamos sus preocupaciones y analizamos cómo salir de la crisis económica y social que vivimos.
#VamosASalirAdelante
.
.
.
.
.
.
#luchoarce #luisarce #masipsp #bolivia #litio #elecciones2020"
31,2020-09-25,1.1,"¡Cuánto cariño de nuestro pueblo!
En nuestro retorno nos encontramos con hermosos recibimientos en #Pelka y #TicaTica #Potosí.
Gracias mis hermanas y hermanos. No defraudaremos su confianza y cariño. Hasta la victoria. #VamosASalirAdelante
.
.
.
.
.
.
.
#luchoarce #luisarce #masipsp #bolivia #elecciones2020"
32,2020-09-25,0.35,"No tenemos palabras para agradecer tanto apoyo y amor de nuestras hermanas y hermanos potosinos.
Con mi hermano @LaramaDavid reafirmamos nuestro compromiso de trabajar por la agenda de desarrollo de #Potosí con industrias y obras como se merecen. #VamosASalirAdelante
.
.
.
.
.
.
.
.
#luchoarce #luisarce #masipsp #bolivia #elecciones2020 @laramadavid #davidchoquehuanca #binomio"
33,2020-09-26,0.35,"¡Llegamos a #Sucre!
Muy agradecidos por el cariño de nuestras hermanas y hermanos chuquisaqueños que con esperanza nos reciben para expresarnos su confianza. Estamos unidos en un mismo sentir.
#VamosASalirAdelante
.
.
.
.
.
.
.
#LuchoArce #luisarce #bolivia2020 #elecciones #masipsp #binomio"
34,2020-09-26,0.2,"¡El Pueblo Unido jamás será Vencido!
Gracias hermanas y hermanos chuquisaqueños. Cumpliremos el mandato que nos dieron, reconstruiremos la economía y fomentaremos el turismo interno para reactivar la economía de la capital de #Bolivia. Con su apoyo #VamosASalirAdelante
.
.
.
.
.
.
#luchoarce #luisarce #masipsp #chiquisaca #bolivia #elecciones2020 #sucre"
35,2020-09-26,0.45,"Otro mundo es posible (canción) - Kalamarka

¡El futuro está en nuestras manos mis hermanas y hermanos!
Unidos podemos hacer una nación más justa, libre y democrática. Consolidemos nuestra hermandad. #VamosASalirAdelante
.
.
.
.
.
.
#luchoarce #luisarce #kalamarka #bolivia #bolivia2020 #futuro #nacion"
36,2020-09-26,1.1,"¡Vamos a recuperar la Patria con el voto!
Llallagua tierra de historia y hermanos combativos. Gracias por el gran recibimiento.
Unidos todos y todas trabajaremos por la minería y la agricultura de nuestra región.
#VivaPotosí
#VamosASalirAdelante
.
.
.
.
.
.
.
.
#luchoarce #luisarce #masipsp #bolivia #elecciones2020 #potosi #llallagua"
37,2020-09-27,0.2,"Desde tempranas horas de la mañana, con mi hermano @LaramaDavid visitamos medios de comunicación de #Oruro. Gracias a RTV Caracol, Radio Pio XII, Radio Fides, Plus TV, @LaPatriaDigital por el espacio para dar a conocer al pueblo las propuestas con las que #VamosASalirAdelante
.
.
.
.
.
.
.
#luchoarce #luisarce #masipsp #bolivia #oruro #elecciones2020"
38,2020-09-27,1.9,"Es tradición pasar por Oruro y tomar el delicioso api orureño. Felices de visitar a nuestras hermanas del Mercado Fermín López que siempre nos atienden con tanto cariño. Después del api estamos listos para seguir con el recorrido por la capital folklórica de #Bolivia.
.
.
.
.
.
.
.
.
.
#luis#arce#luchoarce @laramadavid #oruro #api #apiorureño #masipsp #elecciones #elecciones2020 #bolivia"
39,2020-09-27,0.05,"Estamos en #Oruro gratamente sorprendidos por la multitudinaria movilización de nuestras hermanas y hermanos orureños. Reactivaremos los proyectos que fueron paralizados y fomentaremos el turismo interno para la capital folklórica de #Bolivia. #VamosASalirAdelante
.
.
.
.
.
.
.
.
#LuchoArce #LuisArce #masipsp #bolivia #elecciones2020 #capitalfolklorica #oruro"
40,2020-09-27,0.5,"El poder de tus brazos Oruro!
Responderemos a su cariño y confianza con mucho trabajo para reactivar la economía orureña. Con su voto, el 18 de octubre recuperaremos la patria para el pueblo.

Fomentaremos la minería, turismo y producción de camélidos. #VamosASalirAdelante
.
.
.
.
.
.
#luchoarce #luisarce #masipsp #bolivia #elecciones2020 #oruro #luchoxbolivia"
41,2020-09-27,0.3666666666666667,"Muy agradecidos mis hermanas y hermanos de #Oruro, nos llenaron de fuerza y cariño.
Nos han pedido que recuperemos la patria y con su apoyo cumpliremos ese mandato. ¡Hasta la victoria!
.
.
.
.
.
.
.
#luchoarce #luisarce #masipsp #oruro #bolivia #elecciones2020 #luchoxbolivia"
42,2020-09-27,0.325,"Increíble recibimiento de nuestras hermanas y hermanos mineros en el histórico centro minero #Huanuni.
¡Gracias!
.
.
.
.
.
.
.
.#luchoarce #luisarce #masipsp #bolivia #mineros #mineras #elecciones2020"
43,2020-09-27,0.7,"¡Huanuni, vanguardia de nuestra soberanía!
Emotiva visita a nuestras hermanas y hermanos aguerridos de #Huanuni. Con @LaramaDavid estamos más convencidos que nunca de defender nuestras riquezas naturales. Gracias por su fortaleza, lucharemos siempre por nuestra soberanía.
.
.
.
.
.
.
.
#luchoarce #luisarce #masipsp #laramadavid #bolivia #huanuni #mineria #soberaniaeconomica #riquezasnaturales #recursosnaturales"
44,2020-09-27,0.0,"Vamos a recuperar nuestra patria.

“Para el pueblo lo que es del pueblo, porque el pueblo se lo ganó”
Unidos vamos a recuperar nuestra Patria para todas y todos los bolivianos. Hasta la victoria de octubre #VamosASalirAdelante
.
.
.
.
.
.
.
.
.
#luchoarce #luisarce #masipsp #paraelpuebloloqueesdelpueblo #piero #huanuni #mina #mineria #recursosnaturales #soberaniaeconomica #democracia #libertad"
45,2020-09-27,0.5,"En el Día Mundial del Turismo ratificamos nuestro compromiso de trabajar por un sector fundamental para dinamizar la demanda interna en #Bolivia. Tenemos la seguridad que con las medidas adecuadas reviviremos el sector y #VamosASalirAdelante
.
.
.
.
.
.
.
#luchoarce #luisarce #masipsp #turismo #bolivia #elecciones2020"
46,2020-09-28,1.0833333333333335,"¡Llegamos a la Chura Tarija!
Emocionado por tan lindo recibimiento. Gracias mis hermanas y hermanos. Tenemos mucho que hacer para reactivar la economía y el desarrollo de esta hermosa tierra. Unidos #VamosASalirAdelante
.
.
.
.
.
.
.
.
#LuchoArce #luisarce #tarija #elecciones2020 #bolivia #masipsp"
47,2020-09-28,0.25,"Las mujeres de #Bolivia juegan un papel fundamental en el desarrollo del país. Potenciando más sus emprendimientos, industrias y generando más empleos reactivaremos la economía en todos los rubros. #VamosASalirAdelante
.
.
.
.
.
.
.
.
#luisarce #luchoarce #masipsp #bolivia #elecciones2020 #mujeres #feminismobolivia #desarrollo #futuro"
48,2020-09-28,0.0,"#Tarija es la capital vitivinícola de #Bolivia. Trabajaremos en mejorar la producción para el desarrollo del departamento. Unidos promoveremos proyectos de crecimiento para beneficio del pueblo tarijeño. #VamosASalirAdelante
.
.
.
.
.
.
.
.
#luchoarce #luisarce #davidchoquehuanca #masipsp #binomio #tarija #capitalvitivinicola #bolivia #elecciones2020"
49,2020-09-28,0.8166666666666667,"Compartimos un delicioso sábalo, típico de la región, en el Mercado Abasto de #Tarija. Muy agradecido hermanas y hermanos, por tantas muestras de cariño y vivencias auténticas tarijeñas #VamosASalirAdelante
.
.
.
.
.
.
.
#luisarce #luchoarce #masipsp #bolivia #elecciones2020 #tarija #mercadodeabasto"
50,2020-09-28,0.825,"¡Somos Pueblo, somos MAS!
Muy agradecidos con el pueblo de #Tarija por acompañarnos en la caminata hasta la masiva concentración que proclama nuestro triunfo.
A pesar del amedrentamiento estamos unidos para vencer el 18 de octubre. #VamosASalirAdelante

*Lucho Arce*
.
.
.
.
.
.
.
.
.
#luchoarce #luisarce #masipsp #luchoarce #bolivia2020 #elecciones2020 #tarija"
51,2020-09-28,0.0,"Nos reunimos con representantes de la Federación de Empresarios Privados de #Tarija. Escuchamos sus inquietudes y les planteamos nuestro plan para reactivar la economía del país. Solo trabajando en unidad devolveremos la estabilidad a #Bolivia. #VamosASalirAdelante
.
.
.
.
.
#luchoarce #luisarce #masipsp #bolivia #elecciones2020 #empresarios #tarija"
52,2020-09-29,0.5142857142857142,"¡Llegamos al Gran Chaco!
Con alegría participamos de una gran caravana en #Villamontes. Acompañados por nuestras hermanas y hermanos chaqueños reivindicamos la lucha histórica por nuestros recursos naturales. La riqueza de la Patria debe ser primero para #Bolivia #VamosASalirAdelante
.
.
.
.
.
.
.
#luchoarce #luisarce #masipsp #villamontes #caravana #bolivia #elecciones2020 #granchaco"
53,2020-09-29,0.7333333333333334,"Muy fortalecido con el caluroso recibimiento de #Villamontes, tierra benemérita de #Bolivia. Con unidad y coordinación seguiremos potenciando el desarrollo del sur del país. #VamosASalirAdelante
.
.
.
.
.
.
.
.
#luchoarce #luisarce #masipsp #villamontes #granchaco #bolivia #elecciones2020 @laramadavid #davidchoquehuanca"
54,2020-09-29,0.5,"Presentamos en #Yacuiba, cuna de la industria petrolera de #Bolivia, nuestro Plan de Hidrocarburos con el que retomaremos el impulso del gas y petróleo del país. Otra propuesta que busca generar más fuentes de trabajo. #VamosASalirAdelante
.
.
.
.
.
.
.
#luchoarce #luisarce #masipsp #bolivia #elecciones2020 #yacuiba #plandehidrocarburos #hidrocarburos #combustible #soberaniaeconomica"
55,2020-09-29,0.2,"Desde las calles de #Yacuiba, con @LaramaDavid y mis hermanos chaqueños, reafirmamos que no claudicaremos en la defensa de las riquezas de #Bolivia para la soberanía económica del pueblo boliviano. #VamosASalirAdelante
.
.
.
.
.
.
.
#luchoarce #luisarce #masipsp #bolivia #elecciones2020 #yacuiba #granchaco"
56,2020-09-29,0.0,"¡Gracias Gran Chaco tarijeño!
Nos vamos reafirmando nuestro compromiso de recuperar la Patria para el pueblo, y cumplir con el mandato de nuestras hermanas y hermanos de #Villamontes y #Yacuiba: ""Las empresas bolivianas para los bolivianos"" . #VamosASalirAdelante
.
.
.
.
.
.
.
.
.
.
#luchoarce #luisarce #masipsp #tarija #bolivia #elecciones2020"
57,2020-09-29,0.23,"Muchas gracias a todas las hermanas y hermanos que ayer me hicieron llegar sus felicitaciones con tanto cariño por el día de mi cumpleaños. Los llevo en el corazón. #VamosASalirAdelante
.
.
.
.
.
.
.
.
.
#luchoarce #luisarce #masipsp #gracias #felicidadEsLuis #cumpleaños"
58,2020-09-30,-0.4,"Desde tempranas horas estamos reunidos con la juventud, plantel docente y representantes de la Facultad del Gran Chaco de la Universidad Juan Misael Saracho y el Instituto Tecnológico de #Yacuiba. Analizamos la difícil situación presupuestaria y sus necesidades de inversión en tecnología.
.
.
.
.
.
.
.
#luchoarce #luisarce #masipsp #bolivia #elecciones2020 #juventud #universidad #presupuestouniversitario"
59,2020-09-30,0.30000000000000004,"Las universidades del país están en crisis por la reducción de sus ingresos de IDH y coparticipación tributaria. Garantizar la educación libre y gratuita es una tarea que asumiremos con responsabilidad. #VamosASalirAdelante
.
.
.
.
.
.
.
.
.
#luchoarce #luisarce #masipsp #bolivia #elecciones2020 #educacion #universidad #universidades #coparticipaciontributaria"
60,2020-09-30,0.0,"Recibimos la triste noticia de la partida de Joaquín Salvador Lavado Tejón (Q.E.P.D.),humorista gráfico que cruzó fronteras con su arte. Sus dibujos de cuestionamiento a las injusticias inspiran a muchas generaciones. Nos deja su legado que permanecerá por siempre ¡Gracias Quino!
.
.
.
.
.
.
.
#luchoarce #luisarce #quino #mafalda #humor #historieta #educacion #historia"
61,2020-09-30,0.0,"Potenciaremos el turismo interno para reavivar las actividades en hoteles, restaurantes, transporte y toda la cadena turística que, a su vez, dinamizará la demanda interna. #VamosASalirAdelante
.
.
.
.
.
.
.
#luchoarce #luisarce #masipsp #turismo #cadenaturistica #bolivia #elecciones2020"
62,2020-10-01,0.23645833333333335,"Somos el único partido que tiene una propuesta certera para salir de la crisis económica y social. La sustitución de importaciones, el incentivo del turismo interno y la reactivación de nuestros proyectos de industrialización nos permitirán dinamizar la economía nacional.
Retomaremos la inversión pública en los grandes proyectos que tenemos para trasformar #Bolivia y generar miles de empleos sostenibles para nuestros profesionales, jóvenes y toda la población en general. #VamosASalirAdelante
.
.
.
.
.
.
.
.
.
#luchoarce #luisarce #masipsp #cochabamba #bolivia #elecciones2020 #plandegobierno #propuestasdegobierno"
63,2020-10-01,0.1590909090909091,"Incentivaremos emprendimientos que permitan el diseño de nuevos productos turísticos especializados y variedad de posibles viajeros para apoyar al turismo, uno de los sectores más desatendidos de los últimos meses.
#VamosASalirAdelante
.
.
.
.
.
.#.
.
#luchoarce #luisarce #masipsp #bolivia #turismo #turismointerno #elecciones2020"
64,2020-10-01,0.21428571428571427,"Agradecido con la Univ. Mayor de San Simón donde presentamos nuestro plan para salir de la crisis. Trabajaremos de manera coordinada para formar profesionales que se desempeñen en los grandes proyectos que tenemos para #Bolivia. La #CiudadelaDigital será una realidad.
.
.
.
.
.
.
.
.
#luchoarce #luisarce #masipsp #cochabamba #universidadsansimon #bolivia #elecciones2020 #jovenes #futuro #juventudboliviana"
65,2020-10-01,0.0,"Desde #Cochabamba reivindicamos la lucha por la recuperación de la democracia y la Patria para el pueblo boliviano. Gracias por su respaldo hermanas y hermanos cochalas. ¡El pueblo unido jamás será vencido! ¡Hasta la victoria del 18 de octubre! #VamosASalirAdelante
.
.
.
.
.
.
.
#luisarce #luchoarce #masipsp #cochabamba #bolivia #elecciones2020"
66,2020-10-01,0.03333333333333333,"Agradecidos con los profesionales de salud pública, deportes y maestros rurales de #Cochabamba, quienes aportan con su trabajo al desarrollo del departamento. Sus propuestas contribuirán a una #Bolivia productiva con justicia social. #VamosASalirAdelante
.
.
.
.
.
.
.
#luchoarce #luisarce #masipsp #bolivia #elecciones2020 #cochabamba"
67,2020-10-01,0.45,"¡Gracias, Cochabamba!

Hoy tuvimos una intensa y enriquecedora jornada en #Cochabamba. Antes de irnos a descansar les dejo esta linda cueca que interpreté en la Universidad Mayor de San Simón. Hasta mañana mis hermanas y hermanos. #VamosASalirAdelante
.
.
.
.
.
.
#luchoarce #Luisarce #luchoxbolivia #masipsp # bolivia #elecciones2020 #cochabamba"
68,2020-10-02,0.0,"Estamos en un conversatorio con juventudes y representantes de las 16 provincias de #Cochabamba. Analizamos las demandas y planteamientos para el área rural que fue desatendido en los últimos meses #VamosASalirAdelante
.
.
.
.
.
.
.
.
.
#luchoarce #luisarce #masipsp #bolivia #cochabamba #campo #campesinos #juventudes #desarrollorural #elecciones2020"
69,2020-10-02,0.0,"A partir de este encuentro, confirmamos que con nuestro plan de gobierno responderemos la necesidad de las provincias de fortalecer la producción agrícola. Y promoviendo la implementación de la #CiudadelaDigital, atenderemos la demanda de diversos sectores cochabambinos. #VamosASalirAdelante
.
.
.
.
.
.
.
#luchoarce #luisarce #masipsp #bolivia #cochabamba #elcciones2020"
70,2020-10-02,1.0,¡Gracias Morochata! Muy fortalecidos por el recibimiento y el cariño de nuestras hermanas y hermanos de la región andina de#Cochabamba . Queremos una #Boliviaproductiva y estamos seguros que con la decisión del pueblo lo vamos a lograr.#VamosASalirAdelante . . . . . . . . #luchoarce#luisarce #masipsp #bolivia #chocabamba#morochata #elecciones2020
71,2020-10-02,0.5602272727272727,Multitudinaria concentración de mis hermanas y hermanos en #Quillacollo . Unidos proclamamos nuestra victoria el 18 de octubre. Con el pueblo de nuestro lado tenemos la seguridad que sacaremos a #Bolivia de la crisis. ¡Que viva Cochabamba!#VamosASalirAdelante . . . . . . . . #luchoarce#luisarce #masipsp #quillacollo #cochabamba#elecciones2020 #bolivia
72,2020-10-02,0.1,"Muy fortalecidos por el respaldo masivo de#Punata . El 18 de octubre, con el voto de todas y todos, recuperaremos la democracia. Sigamos en la lucha mis hermanas y hermanos hasta nuestra victoria contundente.#VamosASalirAdelante . . . . . . . . . #luchoarcr#luisarce #masipsp #bolivia #cochabamba#punata #elecciones2020"
73,2020-10-02,0.325,Un saludo cordial y afectuoso a las y los médicos veterinarios de #Bolivia que ejercen la noble labor de cuidar la salud de todas las mascotas y animalitos en general. ¡Muchas felicidades! . . . . . . . . . . #’luchoarce #luisarce#veterinarios #veterinarias #diadelveterinario#boliviq
74,2020-10-02,-0.2972222222222222,"Nos reunimos con la dirigencia y base social de la Conamype, además de otros sectores productivos de #Cochabamba . Evaluamos la situación crítica actual y escuchamos sus demandas. Nuestro proyecto es, y siempre fue, hacer de #Bolivia un país productivo. Unidos#VamosASalirAdelante . . . . . . . . #luchoarce#luisarce #masipsp #bolivia #elecciones2020#conamype #cochabamba"
75,2020-10-02,0.0,Estaremos presentes en el debate de la FAM y CUB para exponer nuestro plan de gobierno de cara al país ¡Rumbo al 18 de octubre! . . . . . . . . . . #luisarce #luchoarce #masipsp #bolivia#elecciones2020 #debate
76,2020-10-03,0.3333333333333333,Nuestro reconocimiento a todas y todos los profesionales odontólogos que cuidan la sonrisa y la salud bucal del pueblo boliviano. ¡Muchas felicidades! . . . . . . . . #luchoarce#luisarce #masipsp #Bolivia#diadelodontologo #odontologos
77,2020-10-03,0.4,"Gracias a mi hija e hijos por acompañarme al#DebatePresidencial ,ustedes son mi fortaleza. Gracias a quienes nos apoyaron desde sus hogares y a @fambolivia, Confederación Universitaria de Bolivia CUB y medios de comunicación por el espacio. Comprometidos con #Bolivia ,dialogando y con propuestas,#VamosASalirAdelante . . . . . . . . #luchoarce#luisarce #masipsp #bolivia#debatepresidencial #elecciones2020 #futuro"
78,2020-10-04,0.0,"En el Día Mundial de los Animales llamamos a la conciencia de la población sobre el respeto de sus derechos, protección y cuidado que merecen los animales en #Bolivia y el mundo. . . . . . . . . . #luisarce #luchoarce #masipsp#diadelanimal #bolivia"
79,2020-10-04,0.25,"Con nuestra propuesta de la producción de diésel ecológico proyectamos generar 200 mil empleos directos e indirectos. #VamosASalirAdelante
.
.
.
.
.
.
.
.
#luchoarce #luisarce #masipsp #elecciones20120 #propuestas #diesel #biodiesel #ecologia #medioambiente"
80,2020-10-04,0.6,"Tenemos un plan para la generación de ""energía distribuida"" a partir de fuentes renovables que permitirá a ciudadanos y empresarios producir su propia energía. #VamosASalirAdelante
.
.
.
.
.
.
.
.
.
#luchoarce #luisarce #masipsp #elecciones2020 #bolivia #fuentesrenovables"
81,2020-10-04,0.1,"Para nosotros los jóvenes van a ser actores fundamentales en nuestro proceso. #VamosASalirAdelante
.
.
.
.
.
.
.
.
#luchoarce #luisarce #masipsp #bolivia #elecciones2020 #jovenes #futuro"
82,2020-10-04,0.06818181818181818,"El desempleo se abordará preservando los abrirles y generando nuevos empleos. #VamosASalirAdelante
.
.
.
.
.
.
.
.
.
#luisarce #luchoarce #masipsp #bolivia #empleo #trabajoparabolivia"
83,2020-10-04,0.13636363636363635,"Industrialización del litio con soberanía y generación de nuevos empleos. #VamosASalirAdelante
.
.
.
.
.
#luchoarce #luisarce #masipsp #bolivia #elecciones2020 #litio #industrialización #trabajo #fuentesdetrabajo #empleo"
84,2020-10-04,0.0,"""La pobreza se combate produciendo""
#VamosASalirAdelante
.
.
.
.
.
.
.
#luchoarce #luisarce #masipsp #bolivia #elecciones2020"
85,2020-10-04,0.0,"Las bolivianas y bolivianos, los más humildes, los trabajadores obreros y campesinos, la clase media que se están empobreciendo, nos están dando un mandato: ¡Recuperemos la Patria!
.
.
.
.
.
.
.
.
.
#luchoarce #luisarce #masipsp #bolivia #patria #recuperarlapatri #democracia #elecciones2020"
86,2020-10-04,0.08333333333333333,"Día de la Cueca Boliviana

En el Día de la Cueca Boliviana nuestro profundo homenaje a nuestra música que tocamos y bailamos con el alma.
.
.
.
.
.
.
.
.
#luchoarce #luisarce #masipsp #diadelacuecaboliviana #diadelacueca #bolivia"
87,2020-10-05,0.2,"Acompañados por diversos sectores de #Rurrenabaque y municipios aledaños, proclamamos la victoria del 18 de octubre. Reactivando los proyectos para turismo, paralizados por el gobierno de facto, y potenciando la actividad agropecuaria superaremos la crisis económica. #VamosASalirAdelante
.
.
.
.
.
.
.
#luchoarce #luisarce #masipsp #bolivia #turismo #elecciones2020 #actividadagropecuaria"
88,2020-10-05,0.0,"¡Gracias, Trinidad!"
89,2020-10-05,0.4,"#Trinidad
Con una gran caminata y masiva concentración, el pueblo trinitario demostró una vez más su respaldo a nuestro proceso. Pronto recuperaremos la democracia en #Bolivia ¡Hasta la Victoria!
.
.
.
.
.
.
.
.
.
.
#Luchoarce #luisarce #masipsp #bolivia #trinidad #beni #elecciones2020"
90,2020-10-05,0.05,"La juventud es la reserva moral de #Bolivia. Siempre hemos confiado en ellos, por eso en nuestro gobierno las y los jóvenes tendrán un rol fundamental para alcanzar la meta de la industrialización, superar la crisis y mejorar la calidad de vida de todas y todos los bolivianos. #VamosASalirAdelante
.
.
.
.
.
.
.
.
.
#luchoarce #luisarce #maspisp #bolivia #elecciones2020"
91,2020-10-05,0.0,"En el Día del Ingeniero Boliviano, reconocemos y agradecemos su trabajo y compromiso con el desarrollo de #Bolivia. ¡Muchas felicidades!
.
.
.
.
.
.
.
.
.
.
#luchoarce #luisarce #masipsp #bolivia #diadelibgeniero"
92,2020-10-05,0.21212121212121213,"En reunión con sindicatos de transporte y mototaxis de #Trinidad, presentamos nuestro plan para superar la crisis. Urge reactivar la demanda interna e iniciar los nuevos proyectos de industrialización para generar más empleos. Con participación y democracia #VamosASalirAdelante
.
.
.
.
.
.
.
.
.
.
#luchoarce #luisarce #masipsp #bolivia #elecciones2020 #mototaxistas #transporte"
93,2020-10-05,0.1,"En el Día Mundial de los Docentes expresamos nuestro reconocimiento a quienes, pese a las circunstancias, con esfuerzo y dedicación siguen dando clases para garantizar la enseñanza de las niñas, niños, adolescentes y jóvenes de #Bolivia. #VamosASalirAdelante
.
.
.
.
.
.
.
.
.
#luchoarce #luisarce #masipsp #bolivia #elecciones2020 #diadeldocente"
94,2020-10-05,0.2,"Muy agradecidos con el pueblo trinitario por el cariño y la confianza. Concluimos la noche en un diálogo con representantes vecinales en el barrio Vaca Medrano. Avanzamos hacia la victoria #VamosASalirAdelante
.
.
.
.
.
.
.
.
.
#luchoarce #luisarce #masipsp #villamedrano #bolivia #elecciones2020"
95,2020-10-06,1.0625,"Impresionante caravana en la ciudad amazónica de #Riberalta. Gracias por el apoyo mis hermanas y hermanos, vamos a intensificar la producción e industrialización de la castaña y otros frutos de esta tierra bendecida. #VamosASalirAdelante.
.
.
.
.
.
.
.
.
.
#luchoarce #luisarce #masipsp #beni #bolivia #elecciones2020 #produccion #industrializacion"
96,2020-10-06,0.0,"Estamos reunidos con vecinas y vecinos del barrio La Amistad de la ciudad de #Cobija. Escuchamos sus preocupaciones por el deterioro de la economía. El compromiso es dinamizar la demanda interna a través de la entrega de bonos y la reactivación de proyectos en el departamento. #VamosASalirAdelante
.
.
.
.
.
.
.
.
#luchoarce #luisarce #masipsp #laamistad #cobija #economia #bolivia #elecciones2020"
97,2020-10-06,0.23333333333333334,"Una inmensa ola azul recorrió hoy las calles de #Cobija. El pueblo pandino nos acompañó decidido a recuperar la democracia. Devolveremos la estabilidad y certidumbre económica a las y los bolivianos. Estamos cerca de reencaminar a #Bolivia en el desarrollo con justicia social #VamosASalirAdelante
.
.
.
.
.
.
.
.
#luchoarce #luisarce #masipsp #cobija #bolivia #elecciones2020 #caravana #mareaazul"
98,2020-10-07,0.0642857142857143,"Nos reunimos con representación de la Federación Sindical Única de Trabajadores Campesinos y la Central Indígena de Pueblos Originarios de la Amazonia de Pando. Solo un gobierno democrático podrá retomar los proyectos de producción diversificada e industrialización para superar la crisis económica #VamosASalirAdelante
.
.
.
.
.
.
.
.
.
.
.
.
#luchoarce #luisarce #masipsp #bolivia #pando #federacioncampesina #pueblosindigenas"
99,2020-10-07,-0.125,"Enriquecedor diálogo con la Asociación de Productores de Castaña Integrales de la Amazonía y otros sectores productivos de frutos amazónicos y sistemas agroforestales de #Pando. Con su respaldo, pronto iniciaremos la industrialización en la amazonia. #VamosASalirAdelante
.
.
.
.
.
.
.
#luchoarce #luisarce #masipsp #bolivia #elecciones2020 #pando #amazonia"
100,2020-10-07,0.7,"Agradecemos el apoyo, cariño y confianza del pueblo pandino. Reafirmamos nuestro compromiso y lucha por devolver a #Bolivia la certidumbre y estabilidad económica. #VamosASalirAdelante
.
..
.
.
.
.
.
.
.
.
#luisarce #luchoarce #masipsp #bolivia # pando #elecciones2020"
101,2020-10-08,0.0,"Nuestra propuesta para #Potosí y #Bolivia es industrializar el litio con soberanía respetando el medio ambiente y la madre tierra. Seremos líderes en el mercado mundial. #VamosASalirAdelante
.
.
.
.
.
.
.
.
#lichoarce #luisarce #masipsp #bolivia #potosi #litio #industrializacion #futuro #elecciones2020"
102,2020-10-08,0.7,"¡Gracias #Guanay!
El cariño y apoyo del pueblo lo llevamos en el corazón. Nuestro gobierno será del pueblo y para el pueblo. Recuperaremos la democracia y le devolveremos la estabilidad económica a nuestra Patria. #VamosASalirAdelante
.
.
.
.
.
.
.
.
.
#lichoarce #luisarce #masipsp #guanay #losyungas #bolivia #elecciones2020"
103,2020-10-08,0.12424242424242422,"Con la implementación de 41 nuevas industrias en la industrialización del litio, generaremos 130.000 nuevos empleos entre directos e indirectos.
.
.
.
#VamosASalirAdelante"
104,2020-10-08,0.5,"Fortalecidos por tan maravilloso y masivo recibimiento en #Caranavi. Desde la capital cafetalera de #Bolivia avanzamos hacia la victoria. Pese a los intentos de violencia política, demostraremos que con el voto recuperaremos la democracia para todos. #VamosASalirAdelante
.
#.
.
.
.
.
.
#luchoarce #luisarce #masipsp #bolivia #caranavi #capitalcafetalera #elecciones2020"
105,2020-10-08,0.7821428571428571,"¡Más que agradecidos con Sud Yungas!
Gratamente sorprendidos por la gran concentración de nuestras hermanas y hermanos de #PalosBlancos. A pesar de la hora aguardaron nuestra llegada para proclamar la victoria del Pueblo ¡Rumbo al 18 de octubre! #VamosASalirAdelante
.
.
.
.
.
.
.
.
#luchoarce #luisarce #masipsp #bolivia #losyungas #palosblancos #elecciones2020"
106,2020-10-09,0.4181818181818182,"Hoy #Bolivia necesita un nuevo despegue económico. ¡Estoy listo para lograrlo una vez más! #VamosASalirAdelante
.
.
.
.
.
.
.
.
.
.
#luchoarce #luisarce #masipsp #economia #experiencia #bolivia #elecciones2020"
107,2020-10-09,0.3277777777777778,"Desde Coroico, con el masivo apoyo del pueblo yungueño, ratificamos la lucha hasta la recuperación de la democracia. El 18 de octubre retomaremos nuestro exitoso Modelo Económico Social Comunitario Productivo #VamosASalirAdelante
.
.
.
.
.
.
.
.
.
#luchoarce #luisarce #masipsp #bolivia #coroico #losyungas #economia #economiasocial #economiacomunitaria"
108,2020-10-09,0.0,"¡Yo Lucho por Bolivia!
Queremos seguir trabajando por ti.
#VamosASalirAdelante
.
.
.
.
.
.
.
.
#lichoarce #luisarce #masipsp #luchoxbolivia #elecciones2020 #bolivia"
109,2020-10-09,0.0,"¡Llegamos a #Irupana!
Nuestros compromisos son potenciar el turismo interno, la actividad productiva diversa y mejorar las vías de acceso en toda #Bolivia. #VamosASalirAdelante
.
.
.
.
.
.
.
#luchoarce #luisarce #irupana #bolivia #elecciones2020"
110,2020-10-09,0.0,"Confiamos en la juventud boliviana.
Impulsaremos el programa de créditos #CapitalSemilla. #VamosASalirAdelante
.
.
.
.
.
.
.
.
#luisarce #luchoarce #masipsp #capitalsemilla #bolivia #luchoxbolivia #elecciones2020"
111,2020-10-10,0.28888888888888886,"Recuperaremos la estabilidad económica para crear más empleo digno. #YoLuchoPorti
#VamosASalirAdelante
.
.
.
.
.
.
.
.
#luchoarce #luisarce #masipsp #luchoxbolivia #yolucho #trabajo #bolivia #elecciones2020"
112,2020-10-10,0.14444444444444446,"Estabilidad económica

Devolveremos la estabilidad económica y social al pueblo boliviano. #VamosASalirAdelante"
113,2020-10-10,0.6333333333333333,"Empezando la jornada compartimos un delicioso desayuno con hermanas y hermanos periodistas. Gracias por acompañarnos y gracias a las caseras del tradicional #MercadoLanza por tanto cariño. #VamosASalirAdelante
.
.
.
#luchoarce #luisarce #masipsp #luchoxbolivia #bolivia #elecciones2020"
114,2020-10-10,-0.4,"¡El deporte, una pasión!

#Sábado con los amigos compartimos un partido de básquet, el deporte que practicamos desde la juventud para mantener la energía renovada
#DeporteEsSalud #VamosASalirAdelante
.
.
.
#luchoarce #luisarce #masipsp #luchoxbolivia #bolivia #elecciones2020"
115,2020-10-10,0.975,"Nuestra cultura mueve nuestros corazones al son de hermosas canciones. Tuvimos un lindo encuentro con las y los trabajadores del arte, compositores y gestores culturales. #VamosASalirAdelante
.
.
.
.
#LuchoPresidente
#Luchoarce
#LuchoXlaJuventud
#masipsp"
116,2020-10-10,-0.5,"Hoy es el Día de la Democracia en #Bolivia y en lugar de celebrar, sufrimos el embate de un gobierno de facto que viola los DDHH y la institucionalidad. Son tiempos difíciles, pero con la unidad del pueblo recuperaremos el Estado de Derecho para todas y todos. ¡Vamos Bolivia!
.
.
.
#RecuperaremosLaDemocracia
#VamosASalirAdelante
#LuchoPresidente
#LuchoArce
#LuisArce"
117,2020-10-10,0.0,"*LUCHO SE REUNE CON DIRIGENTES DD FENCOMIN*

Nos reunimos con los dirigentes de la Federación Nacional de Cooperativas Mineras de #Bolivia (FENCOMIN). El pueblo unido recuperará la democracia y la Patria. Trabajaremos en soluciones conjuntas para superar la crisis.
.
.
.
.
#VamosASalirAdelante.
#LuchoPresidente
#LuchoArce
#LuisArce
#LuchoXBolivia"
118,2020-10-10,0.0,"Hoy sostuvimos una reunión con dirigentes de la Federación Regional de Cooperativas Mineras Auríferas (FERRECO) y de la Federación de Cooperativas Mineras Auríferas del Norte de La Paz (FECOMAN LP). Escuchando al pueblo, dialogando y presentando propuestas #VamosASalirAdelante.
.
.
.
.
#LuchoArce
#LuisArce
#LuchoXlaJuventud"
119,2020-10-10,0.25,"¡Todo nuestro programa económico está orientado a la generación de empleos!

#VamosASalirAdelante.
.
.
.
.
.
.
.
.
#luchoarce #luisarce #luchoxbolivia #masipsp #propuestas #bolivia #elecciones2020"
120,2020-10-11,0.0,#VamosASalirAdelante . . . . . . . . . #luchoarce #luisarce #luchoxbolivia #masipsp #propuestas #bolivia #elecciones2020
121,2020-10-11,0.5216666666666667,Las expresiones artísticas acompañan nuestra revolución cultural. Muchas gracias a @israelbadani por la composición llena de compromiso con nuestro pueblo #VamosASalirAdelante
122,2020-10-11,1.4,#Domingo de feria. Estamos rumbo a la Feria 16 de Julio. Buenos días hermanas y hermanos. . . . . . . . . . #luchoarce #luisarce #laramadavid @laramadavid #feria #bolivia #elecciones2020
123,2020-10-11,0.1,El Estado en la economía garantizará becas y puestos de trabajo para la población joven. Necesitamos su innovación y conocimiento para reactivar a #Bolivia . #VamosASalirAdelante . . . . . . . . . #luchoarce #luisarce #masipsp #luchoxbolivia #luchoxlajuventud #bolivia #elecciones2020
124,2020-10-11,1.06,Después de preparar un delicioso chicharrón con mis hermanas en la Feria 16 de Julio hicimos un recorrido por la feria más grande de la ciudad de #ElAlto . Muchas gracias por el cariño hermanas y hermanos. Pronto recuperaremos la Patria. #VamosASalirAdelante . . . . . . . #luchoarce #luisarce #bolivia #elecciones2020 #feria #mercado #chicharron
125,2020-10-11,0.0,"En el #DíaDeLaMujerBoliviana participamos del Encuentro Nacional de Mujeres Campesinas Indígena Originarias de Bolivia ""Bartolina Sisa”. Recibimos sus propuestas y trabajando en unidad, lograremos avanzar hacia una sociedad sin discriminación y con igualdad #VamosASalirAdelante . . . . . . #luchoarce #luisarce #luchoxbolivia #masipsp #bolivia #bartolinasisa #encuentrodemujeres #mujeresoriginarias #mujerescampesinas #mujeresindigenas"
126,2020-10-11,0.34285714285714286,"El arte expresa el derecho de las mujeres a una vida libre de violencia. Mural pintando en Callapa, #LaPaz , en conmemoración al #DíadelaMujerBoliviana . #VamosASalirAdelante . . . . . . . #luchoarce #luisarce #masipsp #bartolinasisa #diadelamujerboliviana #diadelamujer #callapa #arte #artepopular #mural #bolivia #elecciones2020"
127,2020-10-11,0.7,"La estabilidad es la felicidad para las bolivianas y bolivianos. Con la decisión y unidad del pueblo, retomaremos el cambio en #Bolivia . #VamosASalirAdelante . . . . . . . . . . #luchoarce #luisarce #masipsp #bolivia #economia #estabilidad #felicidad #bolivia #elecciones2020"
128,2020-10-11,0.8333333333333334,Con mucha preocupación vemos que la discriminación golpea nuevamente al pueblo causando dolor y lágrimas entre bolivianos. ¡Fuerza mis hermanas y hermanos! Desde #Callapa reafirmamos la lucha hasta recuperar la democracia. Devolveremos paz social al pueblo. #VamosASalirAdelante . . . . . . . . . #luchoarce #luisarce #masipsp #bolivia #elecciones2020 #noaladiscriminacion #derechoshumanos
129,2020-10-11,0.3875,Muy agradecido con el filósofo Slavoj Žižek por su apoyo decidido al pueblo boliviano. Falta poco para recuperar la democracia y el modelo económico que le dio estabilidad y certidumbre económica a todas y todos los bolivianos. #VamosASalirAdelante . . . . . . . . #luchoarce #luisarce #masipsp #bolivia #elecciones2020
130,2020-10-11,0.125,En conmemoración al Día de la Mujer Boliviana nuestro reconocimiento a todas las mujeres que con entereza aportan al desarrollo del país y luchan por sus derechos. Ratificamos el compromiso para consolidar los avances y superar todo tipo de violencia.¡Que viva la mujer boliviana! . . . . . . . . #diadelamujerboliviana #luchoarce #luisarce #masipsp #bolivia
131,2020-10-11,0.0,"
Agradecidos con el hermano pueblo de #México por su apoyo a nuestra candidatura. Diferentes pueblos del mundo nos transmiten su fortaleza para seguir luchando #VamosASalirAdelante . . . . . . . . #luchoarce #luisarce #mexico #bolivia #elecciones2020"
132,2020-10-11,0.5,Conmovido por tantas muestras de cariño de mis hermanas y hermanos. Con la confianza y decisión del pueblo boliviano recuperaremos la Patria y #VamosASalirAdelante . . . . . . . . . . #luchoarce #luisarce #luchoxbolivia #masipsp #yolucho #bolivia #elecciones2020
133,2020-10-12,0.16818181818181818,"Industrializaremos el litio con soberanía, generando miles de empleos en 41 nuevas industrias que nos permitirán volver a la senda del crecimiento económico. #VamosASalirAdelante . . . . . #luchoarce #luisarce #masipsp #lichoresponde #litio #bolivia #elecciones2020"
134,2020-10-12,0.8,Ganará el pueblo boliviano. . . . . #VamosASalirAdelante #LuchoPresidente #LuchoArce #LuisArce #LuchoXBolivia
135,2020-10-12,0.6333333333333333,*LUCHO ARCE EN CARACOLLO* ¡Llegamos a #Caracollo ! Gracias a las hermanas y hermanos que comprometidos con el proceso de cambio nos esperaron para proclamar la victoria del pueblo el 18 de octubre. Contundente respaldo.. . . . #VamosASalirAdelante #luisarce #Luchoarce #LuchoXlaJuventud
136,2020-10-12,0.05,En el Día de la Descolonización nuestro reconocimiento a la lucha y resistencia del movimiento indígena originario campesino. Enaltecemos la memoria histórica y la herencia cultural de las naciones que habitan este territorio. Construiremos una #Bolivia con inclusión e igualdad. . . . #VamosASalirAdelante #LuchoPresidente #LuchoArce #LuisArce
137,2020-10-12,0.2,"En #Oruro , al ritmo de la música autóctona y acompañados por nuestros pueblos indígenas participamos en el Encuentro Cultural por el Día de la Descolonización en #Bolivia . El 18 de octubre recuperaremos la revolución democrática y cultural para todas y todos los bolivianos. . . . . #VamosASalirAdelante #LuchoPresidente #LuchoArce #LuisArce #LuchoXBolivia"
138,2020-10-12,0.2,"Gracias a la Confederación Nacional de Artistas y Músicos Profesionales de Bolivia “Bronces de Altura” y a los intérpretes folclóricos, autóctonos y electrónicos por acompañarnos en la conmemoración del Día de la Descolonización en #Oruro . La música es el “ajayu” de #Bolivia . #VamosASalirAdelante . . . . #LuchoPresidente #LuisArce #LuchoXBolivia #VamosARecuperarLaDemocracia"
139,2020-10-12,0.6,El amor por la música lo compartimos en toda #Bolivia . Les convoco a trabajar por nuestro patrimonio cultural con su experiencia y propuestas.. . . . #VamosASalirAdelante #LuchoPresidente #LuisArce #LuchoXBolivia #LuchoArce
140,2020-10-12,0.6,"Desde #Challapata , con las autoridades originarias y el pueblo orureño, ratificamos nuestro retorno al proceso de cambio en #Bolivia . La decisión popular nos llevará a la victoria democrática del 18 de octubre. . . . . #VamosASalirAdelante #LuchoPresidente #LuchoArce #LuisArce #LuchoXlaJuventud"
141,2020-10-12,0.0,"Recibimos el bastón de mando y mandato del Consejo Nacional de Ayllus y Markas del Qullasuyu (CONAMAQ). Gracias mis hermanas y hermanos, no defraudaremos su confianza. . . . . #VamosASalirAdelante #LuchoArce #LuisArce #LuchoPresidente #luchoxbolivia"
142,2020-10-12,0.5,"La diversidad cultural de #Bolivia es nuestra riqueza. Hoy en la ciudad de #Oruro y #Challapata los pueblos indígena originarios protagonizaron gran demostración de música, danza y organización territorial que inspiran a la lucha por la igualdad de derechos. . . . . . #VamosASalirAdelante #LuchoPresidente #LuchoArce #LuisArce #LuchoXBolivia #VamosARecuperarLaDemocracia"
143,2020-10-13,0.4,"Las bolivianas y bolivianos tenemos el mismo sueño: una #Bolivia reconciliada, estable y feliz. Llevo la esperanza del pueblo en el corazón. . . . #VamosASalirAdelante #LuchoPresidente #LuisArce #LuchoArce #LuchoXlaJuventud"
144,2020-10-13,0.0,El deporte es una pasión y también un medio para hacer amigos y forjar nuestro carácter. Siempre motivaremos su práctica. ¡Vamos todos por Bolivia! . . . . #DeporteEsSalud #VamosASalirAdelante #LuchoPresidente #LuchoArce #LuisArce #LuchoXlaJuventud
145,2020-10-13,0.21666666666666665,En los últimos meses el pueblo ha sentido un golpe muy fuerte en su economía. Vamos a reconstruir lo que se ha destrozado. Nuestro gobierno devolverá la estabilidad a #Bolivia . . . . . #VamosASalirAdelante #LuchoPresidente #LuisArce #LuchoXBolivia #LuchoArce #LuchoXlaJuventud
146,2020-10-13,-0.8833333333333333,"#Bolivia atraviesa la peor crisis de su historia. El pueblo clama por la recuperación de la democracia, la cultura, la educación, la salud, la estabilidad económica y social. El 18 de octubre la victoria será del pueblo y el pueblo gobernará. . . . . #VamosASalirAdelante #LuchoPresidente #LuchoArce #LuisArce #LuchoXlaJuventud #masipsp"
147,2020-10-13,1.0,Mandamos un fraternal saludo a todas y todos los abogados que ejercen su trabajo con ética y vocación de justicia. ¡Feliz Día del Abogado!
148,2020-10-13,0.6121212121212121,"¡Qué importante escuchar a Guido Arze! Actor, músico y director de teatro, desde la vida universitaria fue un visionario en las artes. Su ejemplo en las nuevas generaciones será vital para la revolución cultural de #Bolivia . . . . #VamosASalirAdelante #LuchoPresidente #LuchoArce #LuisArce #LuchoXBolivia"
149,2020-10-13,1.75,"¡Impresionante! Masiva participación del pueblo cruceño en nuestro cierre de campaña. Con unidad y la convicción intacta recuperaremos la democracia y la Patria. El 18 de octubre, con el voto popular, Venceremos! . . . . #VamosASalirAdelante #LuchoPresidente #LuisArce #LuchoXBolivia #LuchoArce #LuchoXlaJuventud"
150,2020-10-13,0.0,Nuestros lazos de hermandad traspasan fronteras. Desde donde estemos aportamos para consolidar la unidad. . . . . . #VamosASalirAdelante #LuchoPresidente #LuchoArce #LuisArce #LuchoXBolivia
151,2020-10-14,0.0,Necesitamos volver a ser un país productor. Las riquezas que generaremos con nuestro trabajo volverán a las familias bolivianas sin distinción. #VamosASalirAdelante . . . . . . . #luchoarce #luisarce #luchoxbolivia #masipsp #bolivia #elecciones2020 #nacionalización #economía #trabajo #riqueza #soberanía
152,2020-10-14,0.3,Reactivar los emprendimientos es urgente para muchos jóvenes que apuestan por #Bolivia con iniciativa e innovación. Garantizaremos estabilidad con la decisión de todas y todos. #vamosasaliradelante . . . . . . . . #luchoarce #luisarce #masipsp #luchoxbolivia #jovenes #juventud #emprendedores #economía #estabilidad
153,2020-10-14,0.6,La salud se cuida con la sabiduría de nuestra medicina ancestral y con una industria farmacéutica propia. Avanzaremos con esa visión complementaria. #VamosASalirAdelante . . . . . . . #luchoarce #luisarce #masipsp #bolivia #medicinaancestral #salud #ciudarlasalud #elecciones2020
154,2020-10-14,0.0,"Nos llegan mensajes de aliento de toda #Bolivia . A Verónica Torre del grupo Jiska Yarawiku, nuestro saludo fraternal. Llegaremos a la victoria con la unidad inquebrantable del pueblo. #vamosasaliradelante . . . . . . . . . #luisarce #luchoarce #masipsp #bolivia #elecciones2020"
155,2020-10-14,1.3416666666666668,#ElAlto Estamos a minutos de iniciar nuestro gran cierre de campaña nacional. ¡Gracias por el contundente apoyo hermanas y hermanos! #VamosASalirAdelante . . . . . . . . . #luchoarce #luisarce #masipsp #davidchoquehuanca #bolivia #elecciones2020 #binomio #cierredecampaña
156,2020-10-14,0.0,Nunca olvidaremos esta morenada de Inti Ayras. Nos acompañó por el recorrido que hicimos de nuestro Estado Plurinacional. Entre todos construimos la esperanza de la victoria. #VamosASalirAdelante . . . . . . . . #Luchoarce #luisarce #masipsp #davidchoquehuanca @laramadavid #bolivia #elecciones2020 #morenada #binomio
157,2020-10-14,0.78,Estamos en el gran cierre de campaña nacional de nuestro instrumento político. Muchas gracias por tanto cariño y apoyo hermanas y hermanos. Unidos recuperaremos la democracia. #VamosASalirAdelante . . . . . . . #luchoarce #luisarce #masipsp #laramadavid #davidchoquehuanca @laramadavid #bolivia #binomio #cierredecampaña #elecciones2020
158,2020-10-14,0.66,Con mucho compromiso y amor por #Bolivia recibimos el bastón de mando de los amautas con las energías de la Pachamama y de nuestros ancestros. ¡Gracias pueblo boliviano! . . . . . . . . #luchoarce #luisarce #masipsp #bolivia #elecciones2020 #cierredecampaña #el alto #binomio #pachamama
159,2020-10-14,0.0,"Quisieron desaparecer al instrumento político que representa a la mayoría del pueblo boliviano. Desde la ciudad de #ElAlto , con una multitudinaria participación, demostramos que seguimos unidos por la recuperación de la democracia y la Patria. ¡Hasta la Victoria! #vamosasaliradelante . . . . . . #luchoarce #luisarce #mapipsp #bolivia #elecciones2020 #cierredecampaña #binomio #laramadavid @laramadavid #luchoxbolivia"
160,2020-10-14,0.2333333333333333,"La cultura y el arte, en sus diferentes expresiones, contribuyen a transformar la sociedad. Gracias a la actriz Isabel Daza Noya por sus deseos de un futuro mejor. Nos sentimos fortalecidos para recuperar la Patria. #VamosASalirAdelante . . . . . . . #luchoarce #luisarce #masipsp #bolivia #elecciones2020 #arte #cultura #democracia"
161,2020-10-14,0.8333333333333334,Concluimos nuestra campaña electoral fortalecidos por el gran apoyo y cariño del pueblo boliviano. Con una masiva concentración proclamamos nuestra victoria y la recuperación de la democracia el 18 de octubre. Devolveremos estabilidad y paz social a #Bolivia . #vamosasaliradelante . . . . . . . #luchoarce #luisarce #masipsp #bolivia #elecciones2020
162,2020-10-14,0.0,"Agradecemos las palabras de apoyo a Rosa María Orosco, actriz del Colectivo Artistas por el Cambio. Unidos vamos a recuperar y reavivar la cultura, alma de nuestro Estado Plurinacional. Con la decisión del pueblo, venceremos. #VamosASalirAdelante . . . . . . . #luchoarce #luisarce #masipsp #bolivia #elecciones2020 #artistasporelcambio #binomio #luchoydavid #laramadavid @laramadavid"
