,created_at,original,translated
0,2020-10-15 00:21,"Agradecemos las palabras de apoyo a Rosa Mar√≠a Orosco, actriz del Colectivo Artistas por el Cambio. Unidos vamos a recuperar y reavivar la cultura, alma de nuestro Estado Plurinacional. Con la decisi√≥n del pueblo, venceremos. #VamosASalirAdelante https://t.co/KhXUFQQiUX",
1,2020-10-14 22:17,Concluimos nuestra campa√±a electoral fortalecidos por el gran apoyo y cari√±o del pueblo boliviano. Con una masiva concentraci√≥n proclamamos nuestra victoria y la recuperaci√≥n de la democracia el 18 de octubre. Devolveremos estabilidad y paz social a #Bolivia. #VamosASalirAdelante https://t.co/vYyd22qZdW,
2,2020-10-14 21:51,"Quisieron desaparecer al instrumento pol√≠tico que representa a la mayor√≠a del pueblo boliviano. Desde  #ElAlto, con una multitudinaria participaci√≥n, demostramos que seguimos unidos por la recuperaci√≥n de la democracia y la Patria. ¬°Hasta la Victoria! #VamosASalirAdelante https://t.co/t9C4lM8aZe",
3,2020-10-14 21:11,Con mucho compromiso y amor por #Bolivia recibimos el bast√≥n de mando de los amautas con las energ√≠as de la Pachamama y de nuestros ancestros. ¬°Gracias pueblo boliviano! https://t.co/paW31c1eGq,
4,2020-10-14 20:58,"En el marco de la transparencia que el TSE debe garantizar a #Bolivia, hemos solicitado documentaci√≥n sobre las determinaciones tomadas en el proceso electoral, el c√≥mputo y conteo r√°pido de votos del 18 de octubre. El pueblo tiene derecho al acceso de la informaci√≥n. https://t.co/aa6V6DNWJ6",
5,2020-10-14 20:21,Estamos en el gran cierre de campa√±a nacional de nuestro instrumento pol√≠tico.  Muchas gracias por tanto cari√±o y apoyo hermanas y hermanos. Unidos recuperaremos la democracia. #VamosASalirAdelante https://t.co/35BY5Sv3Q3,
6,2020-10-14 19:35,"üîπ¬°Gran cierre de Campa√±a Nacional! #EnVivo
Estamos en la ciudad de #ElAlto, en la Av. Panor√°mica de la zona 16 de julio.
üî¥ https://t.co/1PHBMkwOsX https://t.co/zXaTnxmxMl",
7,2020-10-14 18:47,"#ElAlto
Estamos a minutos de iniciar nuestro gran cierre de campa√±a nacional. ¬°Gracias por el contundente apoyo hermanas y hermanos! #VamosASalirAdelante https://t.co/K6V3yRIom1",
8,2020-10-14 18:00,"Nos llegan mensajes de aliento de toda #Bolivia. A Ver√≥nica Torre del grupo Jiska Yarawiku, nuestro saludo fraternal. Llegaremos a la victoria con la unidad inquebrantable del pueblo.  #VamosASalirAdelante https://t.co/WpTyaTyDVL",
9,2020-10-14 17:33,"Hermanas y hermanos, nos vemos hoy en nuestro gran cierre de campa√±a nacional. ¬°VamosASalirAdelante! https://t.co/MzSXuhIeMf",
10,2020-10-14 16:01,La salud se cuida con la sabidur√≠a de nuestra medicina ancestral y con una industria farmac√©utica propia. Avanzaremos con esa visi√≥n complementaria. #VamosASalirAdelante https://t.co/X1adE9n0Ti,
11,2020-10-14 14:00,Reactivar los emprendimientos es urgente para muchos j√≥venes que apuestan por #Bolivia con iniciativa e innovaci√≥n. Garantizaremos estabilidad con la decisi√≥n de todas y todos.  #VamosASalirAdelante https://t.co/ln4PDJsLry,
12,2020-10-14 12:00,Necesitamos volver a ser un pa√≠s productor. Las riquezas que generaremos con nuestro trabajo volver√°n a las familias bolivianas sin distinci√≥n. #VamosASalirAdelante https://t.co/ApUcaun9cB,
13,2020-10-14 04:19,"Comunico al pueblo boliviano que formalizamos la querella contra quienes, con fines pol√≠ticos, hicieron acusaciones infundadas contra mi familia y mi persona. Al no tener propuestas para salir de la crisis, recurren a la guerra sucia. La verdad y la justicia prevalecer√°n.",
14,2020-10-14 02:41,Ahora estamos en el programa #NochesSinTregua que se emite por @cadenaared. üî¥S√≠guenos en vivo por el siguiente enlace https://t.co/U8rhLTSSEe https://t.co/eeozb319Gq,
15,2020-10-14 01:20,#Ahora estamos en @RedGigavision üî¥ S√≠guenos en vivo por el siguiente enlace: https://t.co/7u3hjbR4ts https://t.co/y71aU6GQtQ,
16,2020-10-14 01:06,"üîπEsta noche estaremos en RED Gigavision desde Santa Cruz de la Sierra y a partir de las 21:00 hrs.

Acomp√°√±ennos por el siguiente enlace: https://t.co/4GmQulPmHT https://t.co/8H34Z6cDzu",
17,2020-10-14 00:40,¬°Nuestros lazos de hermandad traspasan fronteras! Desde donde estemos aportamos para consolidar la unidad. #VamosASalirAdelante https://t.co/UnvpfytKbU,
18,2020-10-13 23:38,"¬°Impresionante! Masiva participaci√≥n del pueblo cruce√±o en nuestro cierre de campa√±a. Con unidad y la convicci√≥n intacta recuperaremos la democracia y la Patria. El 18 de octubre, con el voto popular, Venceremos! 

 #VamosASalirAdelante https://t.co/bA4sWxI8qq",
19,2020-10-13 20:36,"¬°Qu√© importante escuchar a Guido Arze! Actor, m√∫sico y director de teatro, desde la vida universitaria fue un visionario en las artes. Su ejemplo en las nuevas generaciones ser√° vital para la revoluci√≥n cultural de #Bolivia. #VamosASalirAdelante https://t.co/iXRNPN7wAe",
20,2020-10-13 19:34,Mandamos un fraternal saludo a todas y todos los abogados que ejercen su trabajo con √©tica y vocaci√≥n de justicia. ¬°Feliz D√≠a del Abogado! https://t.co/zGGSPWo2Mp,
21,2020-10-13 17:08,"#Bolivia atraviesa la peor crisis de su historia. El pueblo clama por la recuperaci√≥n de la democracia, la cultura, la educaci√≥n, la salud, la estabilidad econ√≥mica y social. El 18 de octubre la victoria ser√° del pueblo y el pueblo gobernar√°. #VamosASalirAdelante
#Cochabamba https://t.co/H7pmcBfG4G",
22,2020-10-13 17:04,En los √∫ltimos meses el pueblo ha sentido un golpe muy fuerte en su econom√≠a. Vamos a reconstruir lo que se ha destrozado. Nuestro gobierno devolver√° la estabilidad a #Bolivia. #VamosASalirAdelante https://t.co/o0htGop5SZ,
23,2020-10-13 15:44,"¬°Gran cierre de campa√±a en Cochabamba! üîò S√≠guenos en vivo pir el siguiente enlace
https://t.co/Mrp3FS7TVd https://t.co/mghvLGm2e7",
24,2020-10-13 15:03,"¬°Viva Cochabamba! Con el pueblo boliviano unido recuperaremos la democracia para todas y todos. ¬°Viva #Bolivia!
üîµSigue la transmisi√≥n en vivo por el siguiente enlace: https://t.co/9RPUUP26tE https://t.co/Ya1HTifw7j",
25,2020-10-13 14:11,El deporte es una pasi√≥n y tambi√©n un medio para hacer amigos y forjar nuestro car√°cter. Siempre motivaremos su pr√°ctica. ¬°Vamos todos por Bolivia! #DeporteEsSalud https://t.co/AdAupoRYAV,
26,2020-10-13 12:17,"Las bolivianas y bolivianos tenemos el mismo sue√±o: una #Bolivia reconciliada, estable y feliz. Llevo la esperanza del pueblo en el coraz√≥n. #VamosASalirAdelante https://t.co/lVrETwhosi",
27,2020-10-13 10:52,"üîπEn instantes estaremos en Red Uno de Bolivia. Acomp√°√±anos por el siguiente link:
https://t.co/WiN4l9jUfD

üîπPosteriormente estaremos en Los Tiempos de Cochabamba. S√≠guenos por el siguiente enlace: https://t.co/lLuscMKkfT https://t.co/95sSeLLvOS",
28,2020-10-13 02:42,"La diversidad cultural de #Bolivia es nuestra riqueza. Hoy en la ciudad de #Oruro y #Challapata los pueblos ind√≠gena originarios protagonizaron gran demostraci√≥n de m√∫sica, danza y organizaci√≥n territorial que inspiran a la lucha por la igualdad de derechos #VamosASalirAdelante https://t.co/BhlIBbdzdT",
29,2020-10-13 00:49,"Cu√°nta sensibilidad en las palabras de Ver√≥nica Armaza, actriz, dramaturga y directora de teatro. Agradecemos su apoyo y compromiso con la lucha del pueblo boliviano. #VamosASalirAdelante https://t.co/LcIxydmYLe",
30,2020-10-12 23:03,"Recibimos el bast√≥n de mando y mandato del Consejo Nacional de Ayllus y Markas del Qullasuyu  (CONAMAQ). Gracias mis hermanas y hermanos, no defraudaremos su confianza. #VamosASalirAdelante https://t.co/3twa3LIKxO",
31,2020-10-12 22:19,"Desde #Challapata, con las autoridades originarias y el pueblo orure√±o, ratificamos nuestro retorno al proceso de cambio en #Bolivia. La decisi√≥n popular nos llevar√° a la victoria democr√°tica del 18 de octubre. #VamosASalirAdelante https://t.co/RuAUvx2RyE",
32,2020-10-12 21:04,El amor por la m√∫sica lo compartimos en toda #Bolivia. Les convoco a trabajar por nuestro patrimonio cultural con su experiencia y propuestas. #VamosASalirAdelante https://t.co/LxHlpCRQWw,
33,2020-10-12 20:45,"En #Oruro, al ritmo de la m√∫sica aut√≥ctona y acompa√±ados por los pueblos ind√≠genas participamos en el Encuentro Cultural por el D√≠a de la Descolonizaci√≥n en #Bolivia. El 18 de octubre recuperaremos la revoluci√≥n democr√°tica y cultural para todas y todos los bolivianos. https://t.co/3cMJgE8e3s",
34,2020-10-12 18:29,"Gracias a la Confederaci√≥n Nacional de Artistas y M√∫sicos Profesionales de Bolivia ‚ÄúBronces de Altura‚Äù y a los int√©rpretes folcl√≥ricos, aut√≥ctonos y electr√≥nicos por acompa√±arnos en la conmemoraci√≥n del D√≠a de la #Descolonizaci√≥n en #Oruro. La m√∫sica es el ‚Äúajayu‚Äù de #Bolivia. https://t.co/HJFr2zpcoM",
35,2020-10-12 15:04,En el D√≠a de la Descolonizaci√≥n nuestro reconocimiento a la lucha y resistencia del movimiento ind√≠gena originario campesino. Enaltecemos la memoria hist√≥rica y la herencia cultural de las naciones que habitan este territorio. Construiremos una #Bolivia con inclusi√≥n e igualdad. https://t.co/Ew6J6MGTTT,
36,2020-10-12 14:40,"¬°Llegamos a #Caracollo! Gracias a mis hermanas y hermanos, que comprometidos con el proceso de cambio nos esperaron para proclamar la victoria del pueblo el 18 de octubre. Contundente respaldo. #VamosASalirAdelante https://t.co/mwVD42NkZ1",
37,2020-10-12 14:16,Luchamos por #Bolivia unida. Ganar√° el pueblo boliviano.    #VamosASalirAdelante https://t.co/gidlRudlhi,
38,2020-10-12 12:47,Denunciamos al pueblo boliviano y a la Comunidad Internacional la detenci√≥n ilegal y el abuso que ejercen contra nuestra candidata Brenda Segovia en #SantaCruz. Repudiamos la violencia pol√≠tica del gobierno de facto y exigimos su inmediata liberaci√≥n. https://t.co/oqpfR3bBHA,
39,2020-10-12 11:02,"Industrializaremos el litio con soberan√≠a, generando miles de empleos en 41 nuevas industrias que nos permitir√°n volver a la senda del crecimiento econ√≥mico.  #VamosASalirAdelante https://t.co/4TjCi8msCt",
40,2020-10-12 02:18,Conmovido por tantas muestras de cari√±o de mis hermanas y hermanos. Con la confianza y decisi√≥n del pueblo boliviano recuperaremos la Patria y #VamosASalirAdelante. https://t.co/Yuv9AzBJOd,
41,2020-10-11 22:34,En conmemoraci√≥n al D√≠a de la Mujer Boliviana nuestro reconocimiento a todas las mujeres que con entereza aportan al desarrollo del pa√≠s y luchan por sus derechos. Ratificamos el compromiso para consolidar los avances y superar todo tipo de violencia.¬°Que viva la mujer boliviana! https://t.co/Zj1flfgnl7,
42,2020-10-11 22:09,"Muy agradecido con el fil√≥sofo #Slavoj≈Ωi≈æek por su apoyo decidido al pueblo boliviano. Falta poco para recuperar la democracia y el modelo econ√≥mico que le dio estabilidad y certidumbre econ√≥mica a todas y todos los bolivianos. #VamosASalirAdelante
https://t.co/YMysTzCkgM",
43,2020-10-11 19:19,Con mucha preocupaci√≥n vemos que la discriminaci√≥n golpea nuevamente al pueblo causando dolor y l√°grimas entre bolivianos. ¬°Fuerza mis hermanas y hermanos! Desde #Callapa reafirmamos la lucha hasta recuperar la democracia. Devolveremos paz social al pueblo. #VamosASalirAdelante https://t.co/QdMBnnNiMi,
44,2020-10-11 18:47,"La estabilidad es la felicidad para las bolivianas y bolivianos. Con la decisi√≥n y unidad del pueblo, retomaremos el cambio en #Bolivia. #VamosASalirAdelante https://t.co/TAk0BRhKA1",
45,2020-10-11 18:25,"El arte expresa el derecho de las mujeres a una vida libre de violencia. Mural pintando en  Callapa, #LaPaz, en conmemoraci√≥n al #D√≠adelaMujerBoliviana. #VamosASalirAdelante https://t.co/JkwcVwxlWG",
46,2020-10-11 16:13,"En el #D√≠aDeLaMujerBoliviana participamos del Encuentro Nacional de Mujeres Campesinas Ind√≠gena Originarias de Bolivia ""Bartolina Sisa‚Äù. Recibimos sus propuestas y trabajando en unidad, lograremos avanzar hacia una sociedad sin discriminaci√≥n y con igualdad #VamosASalirAdelante https://t.co/YgOiJT2VjJ",
47,2020-10-11 15:52,Despu√©s de preparar un delicioso chicharr√≥n con mis hermanas en la Feria 16 de Julio hicimos un recorrido por la feria m√°s grande de la ciudad de #ElAlto. Muchas gracias por el cari√±o hermanas y hermanos. Pronto recuperaremos la Patria. #VamosASalirAdelante https://t.co/pRoFEgNFD2,
48,2020-10-11 14:03,El Estado en la econom√≠a garantizar√° becas y puestos de trabajo para la poblaci√≥n joven. Necesitamos su innovaci√≥n y conocimiento para reactivar a #Bolivia. #VamosASalirAdelante https://t.co/jHwqphFBdz,
49,2020-10-11 13:37,#Domingo de feria. Estamos rumbo a la Feria 16 de Julio. Buenos d√≠as hermanas y hermanos. https://t.co/r0VOgf6Q14,
50,2020-10-11 11:46,"Las expresiones art√≠sticas acompa√±an nuestra revoluci√≥n cultural. Muchas gracias a @israelbadani por la composici√≥n llena de compromiso con nuestro pueblo #VamosASalirAdelante 
https://t.co/NcXTovtVpl",
51,2020-10-11 03:54,"¬°La m√∫sica es un canal de sentimientos! Inolvidable momento con mi hermano no vidente en la P√©rez Velasco. El amor a la m√∫sica nos une y #LaPaz tiene esa magia maravillosa. Gracias por enviarnos el video mis hermanos, qu√© descansen. https://t.co/ozEvrMqa3C",
52,2020-10-11 02:30,Pedimos a las y los periodistas que contribuyan a recuperar la Patria. Respetamos la libertad de expresi√≥n y el trabajo de la prensa como un derecho democr√°tico.  #VamosASalirAdelante https://t.co/knn3UxIiOI,
53,2020-10-10 23:48,"Hoy sostuvimos una reuni√≥n con dirigentes de la Federaci√≥n Regional de Cooperativas Mineras Aur√≠feras (FERRECO) y de la Federaci√≥n de Cooperativas Mineras Aur√≠feras del Norte de La Paz (FECOMAN LP). Escuchando al pueblo, dialogando y presentando propuestas #VamosASalirAdelante. https://t.co/FtI0n1WPR0",
54,2020-10-10 23:44,Todo nuestro programa econ√≥mico est√° orientado a la generaci√≥n de empleos. #VamosASalirAdelante https://t.co/4hkzbJSosj,
55,2020-10-10 21:39,Nos reunimos con los dirigentes de la Federaci√≥n Nacional de Cooperativas Mineras de #Bolivia (FENCOMIN). El pueblo unido recuperar√° la democracia y la Patria. Trabajaremos en soluciones conjuntas para superar la crisis. #VamosASalirAdelante. https://t.co/BtWn8cGoV4,
56,2020-10-10 20:57,"Hoy es el D√≠a de la Democracia en #Bolivia y en lugar de celebrar, sufrimos el embate de un gobierno de facto que viola los DDHH y la institucionalidad. Son tiempos dif√≠ciles, pero con la unidad del pueblo recuperaremos el Estado de Derecho para todas y todos. ¬°Vamos Bolivia! https://t.co/2hL2yfmw4F",
57,2020-10-10 20:01,"Nuestra cultura mueve nuestros corazones al son de hermosas canciones. Tuvimos un lindo encuentro con las y los trabajadores del arte, compositores y gestores culturales. #VamosASalirAdelante https://t.co/xcnzYB6VbE",
58,2020-10-10 16:50,"¬°El deporte, una pasi√≥n! #S√°bado con los amigos compartimos un partido de b√°squet, el deporte que practicamos desde la juventud para mantener la energ√≠a renovada #DeporteEsSalud üèÄ https://t.co/hRrUILjFnA",
59,2020-10-10 14:52,Empezando la jornada compartimos un delicioso desayuno con hermanas y hermanos periodistas. Gracias por acompa√±arnos y gracias a las caseras del tradicional #MercadoLanza por tanto cari√±o. #VamosASalirAdelante https://t.co/7OVZIjptTR,
60,2020-10-10 14:13,Devolveremos la estabilidad econ√≥mica y social al pueblo boliviano.  #VamosASalirAdelante https://t.co/XyqOlwyLru,
61,2020-10-10 10:59,"Recuperaremos la estabilidad econ√≥mica para crear m√°s empleo digno. #YoLuchoPorti
#VamosASalirAdelante https://t.co/XGv4FZJZI2",
62,2020-10-10 01:51,"Confiamos en la juventud boliviana. 
Impulsaremos el programa de cr√©ditos #CapitalSemilla. #VamosASalirAdelante https://t.co/C8c1fxdldq",
63,2020-10-10 01:11,"¬°Llegamos a #Irupana!
Nuestros compromisos son potenciar el turismo interno, la actividad productiva diversa y  mejorar las v√≠as de acceso en toda #Bolivia. #VamosASalirAdelante https://t.co/8yTH3GjtN6",
64,2020-10-09 22:09,"¬°Yo Lucho por Bolivia! 
Queremos seguir trabajando por ti. 
#VamosASalirAdelante https://t.co/eDtzgKqYVu",
65,2020-10-09 19:43,"Desde Coroico, con el masivo apoyo del pueblo yungue√±o, ratificamos la lucha hasta la recuperaci√≥n de la democracia. El  18 de octubre retomaremos nuestro exitoso Modelo Econ√≥mico Social Comunitario Productivo #VamosASalirAdelante https://t.co/h9ugNapjOT",
66,2020-10-09 19:02,Hoy #Bolivia necesita un nuevo despegue econ√≥mico. ¬°Estoy listo para lograrlo una vez m√°s! #VamosASalirAdelante https://t.co/WrrkDPKlEW,
67,2020-10-09 03:19,"¬°M√°s que agradecidos con Sud Yungas!
Gratamente sorprendidos por la gran concentraci√≥n de nuestras hermanas y hermanos de #PalosBlancos. A pesar de la hora aguardaron nuestra llegada para proclamar la victoria del Pueblo ¬°Rumbo al 18 de octubre! #VamosASalirAdelante https://t.co/z5EyoV053p",
68,2020-10-08 22:50,"Fortalecidos por tan maravilloso y masivo recibimiento en #Caranavi. Desde la capital cafetalera de #Bolivia avanzamos hacia la victoria. Pese a los intentos de violencia pol√≠tica, demostraremos que con el voto recuperaremos la democracia para todos. #VamosASalirAdelante https://t.co/tjHsZe7pxy",
69,2020-10-08 21:06,"Con la implementaci√≥n de 41 nuevas industrias en la industrializaci√≥n del litio, generaremos 130.000 nuevos empleos entre directos e indirectos. #VamosASalirAdelante https://t.co/AGktdg9Qcj",
70,2020-10-08 20:15,En este encuentro tambi√©n hemos garantizado para #Bolivia el suministro de la vacuna de Oxford que se producir√° en #Argentina. Nos alegra mucho la prioridad que se dar√° a nuestro pa√≠s. ¬°Gracias hermano Alberto! Espero que pronto nos encontremos en persona. #VamosASalirAdelante,
71,2020-10-08 20:15,"(HILO) Desde Guanay, sostuvimos una grata reuni√≥n con el hermano Pdte. de #Argentina, @alferdez. Conversamos sobre la democracia en Am√©rica Latina. Agradecemos al gobierno y pueblo argentino por garantizar el derecho al voto de la comunidad boliviana que vive en este pa√≠s hermano https://t.co/Rs8o9XSXmN",
72,2020-10-08 18:19,"¬°Gracias #Guanay!
El cari√±o y apoyo del pueblo lo llevamos en el coraz√≥n.  Nuestro gobierno ser√° del pueblo y para el pueblo. Recuperaremos la democracia y le devolveremos la estabilidad econ√≥mica a nuestra Patria. #VamosASalirAdelante https://t.co/dfsFFyf7s3",
73,2020-10-08 16:33,Nuestra propuesta para #Potos√≠ y #Bolivia es industrializar el litio con soberan√≠a respetando el medio ambiente y la madre tierra. Seremos l√≠deres en el mercado mundial.   #VamosASalirAdelante https://t.co/Ox1lRvbR36,
74,2020-10-08 13:20,"Carta al pueblo boliviano ante las acusaciones falsas realizadas por quienes han hecho de la mentira, la persecuci√≥n pol√≠tica, la violencia y  el saqueo de #Bolivia, una forma de vida. ¬°El odio no vencer√°! ¬°Vamos a recuperar la Patria! #VamosASalirAdelante https://t.co/CXAsrQfkAc",
75,2020-10-07 21:55,Denunciamos al pueblo boliviano que nuevamente se activan los ataques de grupos radicales de derecha contra instituciones del Estado. Con violencia y amenazas de quemar la Fiscal√≠a General en #Sucre pretenden iniciar el caos en #Bolivia y evitar las #EleccionesBolivia2020,
76,2020-10-07 17:42,"Agradecemos el apoyo, cari√±o y confianza del pueblo pandino. Reafirmamos nuestro compromiso y lucha por devolver a #Bolivia la certidumbre y estabilidad econ√≥mica. #VamosASalirAdelante https://t.co/MwWy8EETwC",
77,2020-10-07 15:39,"Enriquecedor di√°logo con la Asociaci√≥n de Productores de Casta√±a Integrales de la Amazon√≠a y otros sectores productivos de frutos amaz√≥nicos y sistemas agroforestales de #Pando. Con su respaldo, pronto iniciaremos la industrializaci√≥n en la amazonia. #VamosASalirAdelante https://t.co/oY4UCrNbHw",
78,2020-10-07 14:48,Nos reunimos con representaci√≥n de la FSUTCP y la Central Ind√≠gena de Pueblos Originarios de la Amazonia de Pando. Solo un gobierno democr√°tico podr√° retomar los proyectos de producci√≥n diversificada e industrializaci√≥n para  superar la crisis econ√≥mica #VamosASalirAdelante https://t.co/xDdtJoY9Sp,
79,2020-10-07 11:28,"Nos encontramos junto a @LaramaDavid, convsersando en #TVUPando. Acompa√±ennos&gt; 
üî¥ En vivo: https://t.co/rFkrum4cYg https://t.co/41PUZBHaiS",
80,2020-10-07 00:25,Una inmensa ola azul recorri√≥ hoy las calles de #Cobija. El pueblo pandino nos acompa√±√≥ decidido a recuperar la democracia. Devolveremos la estabilidad y certidumbre econ√≥mica a las y los bolivianos. Estamos cerca de reencaminar a #Bolivia en el desarrollo con justicia social. https://t.co/isthH7FnhH,
81,2020-10-07 00:18,"Estamos con @LaramaDavid conversando en #CafeConCordura @UnitelPando 
üî¥ En vivo: https://t.co/LD3kbp9Uzg https://t.co/9XNIRYpA5p",
82,2020-10-06 21:12,Estamos reunidos con vecinas y vecinos del barrio La Amistad de la ciudad de #Cobija. Escuchamos sus preocupaciones por el deterioro de la econom√≠a. El compromiso es dinamizar la demanda interna a trav√©s de la entrega de bonos y la reactivaci√≥n de proyectos en el departamento. https://t.co/UovEY9tRws,
83,2020-10-06 20:06,"Alertamos a la comunidad internacional sobre los riesgos que enfrenta la recuperaci√≥n de la democracia en #Bolivia, por lo cual les solicitamos su apoyo y observaci√≥n activa durante la campa√±a electoral, la jornada del 18 de octubre y los d√≠as posteriores a las #EleccionesBo https://t.co/DPOLudmz6Q",
84,2020-10-06 15:27,"AHORA estamos conversando en #AmazoniaTVA.
¬°Acompa√±ennos!
üî¥ En vivo: https://t.co/o8NSD8ZwjA https://t.co/nNahsHtS92",
85,2020-10-06 03:31,Muy agradecidos con el pueblo trinitario por el cari√±o y la confianza. Concluimos la noche en un di√°logo con representantes vecinales en el barrio Vaca Medrano. Avanzamos hacia la victoria #VamosASalirAdelante https://t.co/6N7DnTt8qh,
86,2020-10-06 02:51,"En reuni√≥n con sindicatos de transporte y mototaxis de #Trinidad, presentamos nuestro plan para superar la crisis. Urge reactivar la demanda interna e iniciar los nuevos proyectos de industrializaci√≥n para generar m√°s empleos. Con participaci√≥n y democracia #VamosASalirAdelante https://t.co/er1JIaT7JD",
87,2020-10-06 02:06,"En el D√≠a Mundial de los Docentes expresamos nuestro reconocimiento a quienes, pese a  las circunstancias, con esfuerzo y dedicaci√≥n siguen dando clases para garantizar la ense√±anza de las ni√±as, ni√±os, adolescentes y j√≥venes de #Bolivia. #VamosASalirAdelante https://t.co/UWfVaxS3Zh",
88,2020-10-06 01:17,Denunciamos a la opini√≥n p√∫blica que grupos organizados y financiados por partidos radicales de derecha destrozaron y quemaron una casa de campa√±a del MAS IPSP en el #Plan3000. Exigimos sanciones y respeto a nuestro derecho de hacer campa√±a pac√≠ficamente  ¬°Basta de intolerancia!,
89,2020-10-05 23:47,"La juventud es la reserva moral de #Bolivia. Siempre hemos confiado en ellos, por eso en nuestro gobierno las y los j√≥venes tendr√°n un rol fundamental para alcanzar la meta de la industrializaci√≥n, superar la crisis y mejorar la calidad de vida de todas y todos los bolivianos. https://t.co/ZxjO5dq3fX",
90,2020-10-05 21:59,Nuestra solidaridad con la compa√±era #OliviaGuachalla que ayer sufri√≥ un atentado mientras realizaba actividades de campa√±a en #CBBA. Es inaceptable que buscando da√±ar al MAS-IPSP se atente contra la vida. Exigimos que se sancione a los responsables. ¬°Fuerza compa√±era!,
91,2020-10-05 21:30,"Rechazamos categ√≥ricamente la violencia con la que grupos vand√°licos, armados con petardos y palos, atacaron a nuestra  militancia del MAS ‚Äì IPSP que se encontraba en el frontis del Tribunal de Justicia de #LaPaz. ¬°Exigimos garant√≠as y respeto a nuestros derechos! https://t.co/gFggE9XMPr",
92,2020-10-05 21:15,"#Trinidad 
Con una gran caminata y masiva concentraci√≥n, el pueblo trinitario demostr√≥ una vez m√°s su respaldo a nuestro proceso. Pronto recuperaremos la democracia en #Bolivia ¬°Hasta la Victoria! https://t.co/GuEVR8Mk33",
93,2020-10-05 02:31,En el D√≠a de la Cueca Boliviana nuestro profundo homenaje a nuestra m√∫sica que tocamos y bailamos con el alma. https://t.co/o9zpUxJW43,
94,2020-10-05 00:55,"""La ca√≠da del Producto Interno Bruto en este momento est√° en -8% y si esto sigue as√≠ y no hay medidas correctivas, como estoy viendo que no se produce, podemos caer inclusive al -11%"". https://t.co/720rGNCYZH",
95,2020-10-05 00:40,"""Tenemos la industrializaci√≥n del litio que va generar 41 nuevas industrias""
En vivo: https://t.co/j5GEjC5Yaa https://t.co/QVgzr7ahRF",
96,2020-10-05 00:37,"Para generar una redistribuci√≥n del ingreso, necesitamos generar nuevas fuentes de ingreso. Y el impuesto a la riqueza es una de esas fuentes. Planteamos un impuesto de los que tienen, hacia los que no tienen. https://t.co/4BuAxVJlPb",
97,2020-10-05 00:35,"Lo que quiero es sacar al pa√≠s adelante en la parte econ√≥mica. Me doli√≥ mucho que luego de tanto trabajo, de poner al pa√≠s en los primeros niveles de crecimiento econ√≥mico, con los mejores indicadores econ√≥micos y sociales, venga un gobierno de derecha que lo haya destrozado todo",
98,2020-10-05 00:27,"""En las pasadas elecciones no hubo fraude, hubo golpe de Estado. Eso creo que ha quedado claro"".
En vivo: https://t.co/j5GEjC5Yaa https://t.co/m0ShkMsACo",
99,2020-10-05 00:15,"Ya estamos con @LaramaDavid conversando en @RedUnoBolivia 
üî¥En vivo: https://t.co/kbfgGgtI0u https://t.co/4qhLKotvkj",
100,2020-10-04 23:14,"Las bolivianas y bolivianos, los m√°s humildes, los trabajadores obreros y campesinos, la clase media que se est√°n empobreciendo, nos est√°n dando un mandato: ¬°Recuperemos la Patria! https://t.co/2YJRd3R2dF",
101,2020-10-04 22:10,"""La pobreza se combate produciendo""
#VamosASalirAdelante https://t.co/BAwarsMaGS",
102,2020-10-04 22:00,"HOY estaremos conversando junto a @LaramaDavid en el programa #UnoDecide, por @RedUnoBolivia
Acomp√°nennos en vivo.
üî¥ https://t.co/WiN4l9Bv7b https://t.co/qyhEGefqQs",
103,2020-10-04 20:50,"""Haremos un gobierno con los j√≥venes para todo el pa√≠s"" #VamosASalirAdelante https://t.co/qbl7urlF9C",
104,2020-10-04 19:33,Con nuestra propuesta de la producci√≥n de di√©sel ecol√≥gico proyectamos generar 200 mil empleos directos e indirectos. #VamosASalirAdelante https://t.co/pyErNM6tU2,
105,2020-10-04 15:01,"En el D√≠a Mundial de los Animales llamamos a la conciencia de la poblaci√≥n sobre el respeto  de sus derechos, protecci√≥n y cuidado que merecen los animales en #Bolivia y el mundo. https://t.co/olDUDQgasW",
106,2020-10-04 14:02,Nuestra solidaridad con el gobernador de Pando Luis Adolfo Flores y su familia por el sensible fallecimiento de su hermano Sr. Edgar Flores Roberts (Q.E.P.D). Mis condolencias y apoyo en estos momentos de profundo dolor.,
107,2020-10-04 02:46,"Gracias a mi hija e hijos por acompa√±arme al #DebatePresidencial, ustedes son mi fortaleza. Gracias a quienes nos apoyaron desde sus hogares, a @FAM_Bolivia1, CUB y medios de comunicaci√≥n por el espacio. Comprometidos con #Bolivia,dialogando y con propuestas, #VamosASalirAdelante https://t.co/SH1Om1mvMx",
108,2020-10-04 02:30,"""En mi gobierno vamos a sacar al pa√≠s de la crisis econ√≥mica y le vamos a dar al pueblo boliviano, empleo, ingresos, estabilidad y certidumbre en la econom√≠a"" #VamosASalirAdelante",
109,2020-10-04 02:30,"""Recuperar la Patria significa forjar el futuro para nuestros hijos, para nuestros nietos. Recuperar la Patria significa que tengamos ma√±ana d√≠as mejores, que la felicidad y la sonrisa vuelva a los bolivianos""
 #VamosASalirAdelante #DebatePresidencial https://t.co/Zu1YrNEyMp",
110,2020-10-04 02:28,"""Recuperar la Patria tiene un objetivo. Retornar al camino del desarrollo sostenible, del crecimiento, de la econom√≠a estable, de la certidumbre para los bolivianos""
#VamosASalirAdelante #DebatePresidencial https://t.co/QzDqXbew3y",
111,2020-10-04 01:36,"""Cuando hay falta de agua y electricidad, aumenta la migraci√≥n. Eso hay que atender para no perder la fuerza productiva del √°rea rural
#VamosASalirAdelante #DebatePresidencial",
112,2020-10-04 01:35,"""No hay que olvidar que en 14 a√±os hemos triplicado el ingreso de las gobernaciones y cuadriplicado los ingresos de los municipios""
#VamosASalirAdelante #DebatePresidencial",
113,2020-10-04 01:35,"""En nuestras comunidades pobres el Estado acciona con el Programa Comunidades en Acci√≥n para sacarlos de la pobreza, pero generando habilidades productivas""
#VamosaSalirAdelante #DebatePresidencial",
114,2020-10-04 01:29,"""Aqu√≠ el tema no es extender la mano, hay que producir para salir de la pobreza. La pobreza se combate produciendo""
#VamosASalirAdelante #DebatePresidencial",
115,2020-10-04 01:23,"""La pol√≠tica redistributiva de los ingresos que hemos aplicado permiti√≥ que los ahorros de la poblaci√≥n crezcan""
#VamosaSalirAdelante #DebatePresidencial",
116,2020-10-04 01:23,"""Estabilidad econ√≥mica es lo que nosotros hemos dado en 14 a√±os"" #VamosASalirAdelante #DebatePresidencial",
117,2020-10-04 01:22,"Nuestro modelo se basa en la generaci√≥n de ingresos y la redistribuci√≥n a la sociedad""
#VamosAsalirAdelante #DebatePresidencial",
118,2020-10-04 01:21,"""Nuestra pol√≠tica frente al conflicto es el di√°logo porque el pueblo es sabio. Las diferentes organizaciones que representan al pueblo organizado sabe analizar""
#VamosAsalirAdelante #DebatePresidencial",
119,2020-10-04 01:20,"""Vamos a aplicar nuestro modelo. Solo un ejemplo: los ahorros en los bancos han subido de 3.800 a 21 mil millones de d√≥lares"" #VamosASalirAdelante #DebatePresidencial",
120,2020-10-04 01:17,"""A trav√©s de las organizaciones vamos a poder garantizar una estabilidad social, pol√≠tica y, lo que nosotros garantizamos por lo que hemos hecho en m√°s de 14 a√±os, es una estabilidad econ√≥mica"".
#VamosASalirAdelante #DebatePresidencial",
121,2020-10-04 01:15,"""El pueblo hoy est√° apostando por retomar el camino de los avances cualitativos""
#VamosASalirAdelante #DebatePresidencial",
122,2020-10-04 01:15,"""Todo apunta a que el MAS va a tener mayor√≠a en la Asamblea Legislativa Plurinacional. No es un capricho, es la decisi√≥n del pueblo boliviano""
#VamosASalirAdelante #DebatePresidencial",
123,2020-10-04 01:12,"""Esos tres elementos [estabilidad econ√≥mica, pol√≠tica y social] se constituyen en fundamentales para garantizar que los peque√±os negocios, la microempresa, todos los emprendimientos puedan desarrollarse normalmente
#VamosasalirAdelante #DebatePresidencial",
124,2020-10-04 01:06,"""La estabilidad no solamente est√° basada en la econom√≠a, sino tambi√©n en la estabilidad pol√≠tica y la estabilidad social"" #VamosASalirAdelante",
125,2020-10-04 00:56,"""La econom√≠a hoy necesita una inyecci√≥n de recursos para reactivar la demanda que est√° destrozada, y un plan para sacar el tema productivo"". #VamosASalirAdelante",
126,2020-10-04 00:42,"""Para los j√≥venes profesionales tenemos proyectada la Ciudadela Cient√≠fica"" #VamosASalirAdelante",
127,2020-10-04 00:40,"""Los j√≥venes para nosotros van a ser actores fundamentales, van a entrar a trabajar a nuestros ministerios, a nuestras empresas p√∫blicas, pero tambi√©n tenemos para ellos programas para la gente que tengan iniciativas nuevas, productivas"" #VamosASalirAdelante",
128,2020-10-04 00:37,"""Bolivia tiene que resolver el desempleo y la generaci√≥n de ingresos porque los bolivianos tambi√©n son artesanos, empresarios, emprendedores y comerciantes""
#VamosASalirAdelante",
129,2020-10-04 00:35,"""La tasa de desempleo se ha triplicado de 4% a 12%. Y la pobreza tambi√©n. Hay hambre en el pueblo"".
#VamosASalirAdelante",
130,2020-10-04 00:34,"""Las juventudes tendr√°n lugar fundamental. Tenemos varias pol√≠ticas para incorporar a las juventudes al Estado"" #VamosASalirAdelante",
131,2020-10-04 00:30,"""El desempleo se va abordar preservando los actuales y generando nuevos empleos, con toda nuestra propuesta"" #VamosASalirAdelante",
132,2020-10-04 00:29,"""El problema no es solo el desempleo sino la falta de ingresos"" #VamosASalirAdelante",
133,2020-10-04 00:25,"""Tambi√©n aplicaremos el Impuesto a la Grandes Fortunas  al 0,01% de la poblaci√≥n para aumentar la recaudaci√≥n #VamosASalirAdelante",
134,2020-10-04 00:13,"""En 5 a√±os vamos a dejar de importar di√©sel, que es un factor fundamental que va ayudar a la balanza comercial como a las cifras fiscales"". #VamosASalirAdelante",
135,2020-10-04 00:08,"""Ya superamos la crisis del 2008 y 2013 sin endeudarnos""  #VamosASalirAdelante https://t.co/qL1qUa1LZg",
136,2020-10-04 00:07,"""Garantizamos los bonos hasta la reactivaci√≥n de la demanda interna"" #VamosASalirAdelante",
137,2020-10-04 00:06,"""Tenemos un plan maestro con la l√≥gica de la sustituci√≥n de importaciones"" #VamosASalirAdelante",
138,2020-10-03 23:34,Participamos del Debate Presidencial rumbo a las elecciones del 18 de octubre. #VamosASalirAdelante https://t.co/z9X3JSmiLE,
139,2020-10-03 23:16,En instantes estaremos presentes en el debate presidencial organizado por la FAM y CUB para exponer nuestro plan de gobierno de cara al pa√≠s ¬°Rumbo al 18 de octubre! https://t.co/lMwxmrNn0k,
140,2020-10-03 22:55,"Nuestro reconocimiento a todas y todos los profesionales odont√≥logos que cuidan la sonrisa y la salud bucal del pueblo boliviano. 
¬°Muchas felicidades! https://t.co/XduW9ju1wt",
141,2020-10-03 20:11,"Tenemos un plan para la generaci√≥n de energ√≠a a partir de fuentes renovables que permitir√° a ciudadanos y empresarios producir su propia energ√≠a. 
#VamosASalirAdelante https://t.co/cjckq0IJqQ",
142,2020-10-03 13:23,Nos adherimos al dolor que embarga a la familia de nuestro compa√±ero y exministro @DiegoPary por el sensible fallecimiento de su hermana Miriam Pary Rodr√≠guez (Q.E.P.D.) Los acompa√±amos en estos momentos de profundo pesar.,
143,2020-10-03 12:00,Estaremos presentes en el debate de la FAM y CUB para exponer nuestro plan de gobierno de cara al pa√≠s ¬°Rumbo al 18 de octubre! https://t.co/OuKHIN3T2K,
144,2020-10-03 03:16,"Nos reunimos con la dirigencia y base social de la Conamype, adem√°s de otros sectores productivos de #Cochabamba. Evaluamos la situaci√≥n cr√≠tica actual y escuchamos sus demandas. Nuestro proyecto es, y siempre fue, hacer de #Bolivia un pa√≠s productivo. Unidos #VamosASalirAdelante https://t.co/mTMl96u2PS",
145,2020-10-03 01:02,Un saludo cordial y afectuoso a las y los m√©dicos veterinarios de #Bolivia que ejercen la noble labor de cuidar la salud de todas las mascotas y animalitos en general. ¬°Muchas felicidades! https://t.co/JNgTYqK1QS,
146,2020-10-03 00:39,"Muy fortalecidos por el respaldo masivo de #Punata. El 18 de octubre, con el voto de todas y todos, recuperaremos la democracia. Sigamos en la lucha mis hermanas y hermanos hasta nuestra victoria contundente. #VamosASalirAdelante https://t.co/JFnE7m4WY0",
147,2020-10-02 21:06,Multitudinaria concentraci√≥n de mis hermanas y hermanos en #Quillacollo. Unidos proclamamos nuestra victoria el 18 de octubre. Con el pueblo de nuestro lado tenemos la seguridad que sacaremos a #Bolivia de la crisis. ¬°Que viva Cochabamba! #VamosASalirAdelante https://t.co/SUiE8HVYmO,
148,2020-10-02 17:24,"¬°Gracias Morochata!
Muy fortalecidos por el recibimiento y el cari√±o de nuestras hermanas y hermanos de la regi√≥n andina de #Cochabamba. Queremos una #Bolivia productiva y estamos seguros que con la decisi√≥n del pueblo lo vamos a lograr. #VamosASalirAdelante https://t.co/JpxT7hDloh",
149,2020-10-02 13:26,"A partir de este encuentro, confirmamos que con nuestro plan de gobierno responderemos la necesidad de las provincias de fortalecer la producci√≥n agr√≠cola. Y promoviendo la implementaci√≥n de la #CiudadelaDigital, atenderemos la demanda de diversos sectores cochabambinos. https://t.co/G2sHJJ9pVS",
150,2020-10-02 11:31,Estamos en un conversatorio con juventudes y representantes de las 16 provincias de #Cochabamba. Analizamos las demandas y planteamientos para el √°rea rural que fue  desatendido en los √∫ltimos meses #VamosASalirAdelante https://t.co/Avkrr9TkcX,
151,2020-10-02 03:45,Hoy tuvimos una intensa y enriquecedora jornada en #Cochabamba. Antes de irnos a descansar les dejo esta linda cueca que interpret√© en la Universidad Mayor de San Sim√≥n. Hasta ma√±ana mis hermanas y hermanos. #VamosASalirAdelante https://t.co/kdNGMs2RCw,
152,2020-10-02 03:13,"#Cochabamba 
Agradecido con @TvUnivalle y @Opinion_Bolivia por darnos el espacio para explicar nuestras propuestas frente a la situaci√≥n de crisis econ√≥mica y social que vive #Bolivia. #VamosASalirAdelante https://t.co/flUDfsD3iR",
153,2020-10-02 01:00,"Esta noche desde las 22:00 hrs. estaremos en vivo en el Peri√≥dico @Opinion_Bolivia 
Acomp√°√±anos por el siguiente link: https://t.co/v0pVZNeOtT https://t.co/PXzIxV8tcs",
154,2020-10-02 00:53,"Agradecidos con los profesionales de salud p√∫blica, deportes y maestros rurales de #Cochabamba, quienes aportan con su trabajo al desarrollo del departamento. Sus propuestas contribuir√°n a una #Bolivia productiva  con justicia social. #VamosASalirAdelante https://t.co/se71GzlHzd",
155,2020-10-01 23:31,"EN INSTANTES estaremos conversando en @TvUnivalle 
¬°Acomp√°√±ennos!
üî¥ En vivo: https://t.co/wtLc0vFDty https://t.co/4wU4f1VkEg",
156,2020-10-01 22:12,Desde #Cochabamba reivindicamos la lucha por la recuperaci√≥n de la democracia y la Patria para el pueblo boliviano. Gracias por su respaldo hermanas y hermanos cochalas. ¬°El pueblo unido jam√°s ser√° vencido! ¬°Hasta la victoria del 18 de octubre! #VamosASalirAdelante https://t.co/1Ojd5YnqM8,
157,2020-10-01 20:07,"Las universidades est√°n en estado de emergencia por la reducci√≥n de sus ingresos de coparticipaci√≥n e IDH. La situaci√≥n se agrava con el DS 4343 que instruye utilizar los recursos del IDH, que beneficia a los estudiantes, para pagar sueldos. 
https://t.co/LTk9u2l3mg",
158,2020-10-01 19:16,Agradecido con la Univ. Mayor de San Sim√≥n donde presentamos nuestro plan para salir de la crisis. Trabajaremos de manera coordinada para formar profesionales que se desempe√±en en los grandes proyectos que tenemos para #Bolivia. La #CiudadelaDigital ser√° una realidad. https://t.co/y4aDWOXW28,
159,2020-10-01 17:23,"#Cochabamba Estamos en la Universidad Mayor de San Sim√≥n en un di√°logo con docentes, plantel administrativo y estudiantes de esta casa superior de estudios.
üî¥ En vivo: https://t.co/mXc0FhpJy4 https://t.co/7FrdPqrCRa",
160,2020-10-01 16:02,"Incentivaremos emprendimientos que permitan el dise√±o de nuevos productos tur√≠sticos especializados y variedad de posibles viajeros para apoyar al turismo, uno de los sectores m√°s desatendidos de los √∫ltimos meses. 
 #VamosASalirAdelante https://t.co/hTCAWBvzjp",
161,2020-10-01 15:37,"Retomaremos la inversi√≥n p√∫blica en los grandes proyectos que tenemos para trasformar #Bolivia y generar miles de empleos sostenibles para nuestros profesionales, j√≥venes y toda la poblaci√≥n en general.  #VamosASalirAdelante",
162,2020-10-01 15:37,"[HILO] Somos el √∫nico partido que tiene una propuesta certera para salir de la crisis econ√≥mica y social. La sustituci√≥n de importaciones, el  incentivo del turismo interno y la reactivaci√≥n de nuestros proyectos de industrializaci√≥n nos permitir√°n dinamizar la econom√≠a nacional https://t.co/w9VwzFpxnv",
163,2020-10-01 13:04,"EN INSTANTES estaremos conversando en Radio PIO XII, CBBA. Acomp√°√±ennos en vivo.
üî¥ https://t.co/rFMpN8TUE2 https://t.co/oCirLIExQx",
164,2020-10-01 11:46,"AHORA estamos conversando en @ATBDigital.
¬°Acomp√°√±ennos!
En vivo: https://t.co/QGZq7goZec https://t.co/NuUTJIjmNA",
165,2020-09-30 19:48,"Potenciaremos el turismo interno para reavivar las actividades en hoteles, restaurantes, transporte y toda la cadena tur√≠stica que, a su vez, dinamizar√° la demanda interna. #VamosASalirAdelante https://t.co/9XdbeIJdVq",
166,2020-09-30 16:36,"Recibimos la triste noticia de la partida de Joaqu√≠n Salvador Lavado Tej√≥n (QEPD), humorista gr√°fico que cruz√≥ fronteras con su arte. Sus dibujos de cuestionamiento a las injusticias inspiran a muchas generaciones. Nos deja su legado que permanecer√° por siempre ¬°Gracias #Quino! https://t.co/ZLHtk8bPgK",
167,2020-09-30 16:04,Nuestra solidaridad y p√©same a la familia y seres queridos del reconocido periodista Marcos Montero (Q.E.P.D.). Los acompa√±amos en su dolor.,
168,2020-09-30 15:39,Muy agradecido con @PieroCantautor por la composici√≥n de una canci√≥n especialmente para el pueblo boliviano. El pa√≠s necesita volver a vivir en paz. Como dice la pieza musical ‚Äú#Bolivia sabe que este es el tiempo y ahora es cuando‚Äù. ¬°Hasta nuestra victoria hermanas y hermanos! https://t.co/BaTTZbnZyG,
169,2020-09-30 12:45,"Desde temprano estamos reunidos con la juventud, plantel docente y representantes de la Facultad del Gran Chaco de la Univ. Juan Misael Saracho y el Instituto Tecnol√≥gico de #Yacuiba. Analizamos la dif√≠cil situaci√≥n presupuestaria y sus necesidades de inversi√≥n en tecnolog√≠a. https://t.co/g8GdPKylwl",
170,2020-09-30 03:49,Muchas gracias a todas las hermanas y hermanos que ayer me hicieron llegar sus felicitaciones con tanto cari√±o por el d√≠a de mi cumplea√±os. Los llevo en el coraz√≥n. #VamosASalirAdelante https://t.co/rNFJ5j0UyI,
171,2020-09-30 03:20,"¬°Gracias Gran Chaco tarije√±o!
Nos vamos reafirmando nuestro compromiso de recuperar la Patria para el pueblo, y cumplir con el mandato de nuestras hermanas y hermanos de #Villamontes y #Yacuiba: ""Las empresas bolivianas para los bolivianos"" . #VamosASalirAdelante https://t.co/QdmgwOAUdQ",
172,2020-09-30 00:20,"Desde las calles de #Yacuiba, con @LaramaDavid y mis hermanos chaque√±os, reafirmamos que no claudicaremos en la defensa de las riquezas de #Bolivia para la soberan√≠a econ√≥mica del pueblo boliviano.  #VamosASalirAdelante https://t.co/AMTh609GJh",
173,2020-09-29 19:50,"Presentamos en #Yacuiba, cuna de la industria petrolera de #Bolivia, nuestro Plan de Hidrocarburos con el que retomaremos el impulso del gas y petr√≥leo del pa√≠s. Otra propuesta que busca generar m√°s fuentes de trabajo. #VamosASalirAdelante https://t.co/eI0DRxHRGK",
174,2020-09-29 18:56,"#AHORA Presentamos una nueva propuesta respecto a nuestra pol√≠tica de #Hidrocarburos. 

üî¥En vivo: https://t.co/fZVkgL0BcN https://t.co/SQ1Wwa2rx3",
175,2020-09-29 17:22,"Muy fortalecido  con el caluroso recibimiento de #Villamontes, tierra benem√©rita de #Bolivia. Con unidad y coordinaci√≥n seguiremos potenciando el desarrollo del sur del pa√≠s. #VamosASalirAdelante https://t.co/I1zDe63aV5",
176,2020-09-29 15:45,"¬°Llegamos al Gran Chaco!
Con alegr√≠a participamos de la caravana en #Villamontes. Acompa√±ados por nuestras hermanas y hermanos chaque√±os reivindicamos la lucha hist√≥rica por nuestros recursos naturales. La riqueza de la Patria debe ser primero para #Bolivia #VamosASalirAdelante https://t.co/DSC63YYDkC",
177,2020-09-29 15:01,"Con la industrializaci√≥n del Litio se crear√°n empresas de servicio energ√©tico que potenciar√°n la generaci√≥n de 130 mil empleos directos e indirectos hasta 2025. Transformaremos #Bolivia con grandes proyectos en beneficio del pueblo. #VamosASalirAdelante

https://t.co/vJtETrNlAj",
178,2020-09-29 03:42,"Hemos cumplido una intensa jornada hoy en #Tarija. 
Finalizamos el d√≠a con entrevistas en los medios tarije√±os. Muchas gracias a Televisi√≥n Andaluc√≠a y al Canal 15 por el espacio. 
#VamosASalirAdelante https://t.co/3vXurOpof4",
179,2020-09-29 02:26,Nos reunimos con representantes de la Federaci√≥n de Empresarios Privados de #Tarija. Escuchamos sus inquietudes y les planteamos nuestro plan para reactivar la econom√≠a del pa√≠s. Solo trabajando en unidad devolveremos la estabilidad a #Bolivia. #VamosASalirAdelante https://t.co/STgvCSaNsJ,
180,2020-09-29 00:07,"RT @LaramaDavid: No pod√≠a terminar el d√≠a sin felicitar a mi hermano @LuchoXBolivia.

Hemos caminado juntos desde el 2006, trabajando por n‚Ä¶",
181,2020-09-28 22:56,"¬°Somos Pueblo, somos MAS!
Muy agradecidos con el pueblo de #Tarija por acompa√±arnos en la caminata hasta la masiva concentraci√≥n que proclama nuestro triunfo.
A pesar del amedrentamiento estamos unidos para vencer el 18 de octubre. #VamosASalirAdelante https://t.co/Z4db5wICW6",
182,2020-09-28 19:22,"Compartimos un delicioso s√°balo, t√≠pico de la regi√≥n, en el Mercado Abasto de #Tarija. Muy agradecido hermanas y hermanos, por tantas muestras de cari√±o y vivencias aut√©nticas tarije√±as #VamosASalirAdelante https://t.co/q48eOlcVzU",
183,2020-09-28 18:17,#Tarija es la capital vitivin√≠cola de #Bolivia. Trabajaremos en mejorar la producci√≥n para el desarrollo del departamento. Unidos promoveremos proyectos de crecimiento para beneficio del pueblo tarije√±o. #VamosASalirAdelante https://t.co/qjbK69keFd,
184,2020-09-28 17:45,RT @BOmereceMAS: #FelicidadEsLucho,
185,2020-09-28 17:45,RT @BOmereceMAS: #FelicidadEsLucho,
186,2020-09-28 17:34,"Las mujeres de #Bolivia juegan un papel fundamental en el desarrollo del pa√≠s.  Potenciando m√°s sus emprendimientos, industrias y generando m√°s empleos reactivaremos la econom√≠a en todos los rubros. #VamosASalirAdelante https://t.co/5QBXlLOoRj",
187,2020-09-28 15:42,"¬°Llegamos a la Chura Tarija!
Emocionado por tan lindo recibimiento. Gracias mis hermanas y hermanos. Tenemos mucho que hacer para reactivar la econom√≠a y el desarrollo de esta hermosa tierra. Unidos #VamosASalirAdelante https://t.co/9V9thNG1Lq",
188,2020-09-28 12:00,üé∏üé∂ ‚ÄúNadie le pondr√° murallas a nuestra verdad‚Äù üé∏üé∂ https://t.co/fZ99ZUSG5K,
189,2020-09-28 03:16,En el D√≠a Mundial del Turismo ratificamos nuestro compromiso de trabajar por un sector fundamental para dinamizar la demanda interna en #Bolivia. Tenemos la seguridad que con las medidas adecuadas reviviremos el sector y #VamosASalirAdelante https://t.co/DyrLWELl1B,
190,2020-09-28 00:37,"‚ÄúPara el pueblo lo que es del pueblo, porque el pueblo se lo gan√≥‚Äù
Unidos vamos a recuperar nuestra Patria para todas y todos los bolivianos. Hasta la victoria de octubre  #VamosASalirAdelante https://t.co/hID4CKsjDB",
191,2020-09-27 23:42,"¬°Huanuni, vanguardia de nuestra soberan√≠a! 
Emotiva visita a nuestras hermanas y hermanos aguerridos de #Huanuni. Con @LaramaDavid estamos m√°s convencidos que nunca de defender nuestras riquezas naturales. Gracias por su fortaleza, lucharemos siempre por nuestra soberan√≠a. https://t.co/vqMKCiTJPk",
192,2020-09-27 21:33,"Incre√≠ble recibimiento de nuestras hermanas y hermanos mineros en el hist√≥rico centro minero #Huanuni. 
¬°Gracias! https://t.co/vM2aeKuw5l",
193,2020-09-27 20:53,"Muy agradecidos mis hermanas y hermanos de #Oruro, nos llenaron de fuerza y cari√±o. 
Nos han pedido que recuperemos la patria y con su apoyo cumpliremos ese mandato. ¬°Hasta la victoria! https://t.co/olPulFBRh4",
194,2020-09-27 18:10,"¬°El poder de tus brazos Oruro!
Responderemos a su cari√±o y confianza con mucho trabajo para reactivar la econom√≠a orure√±a. Con su voto, el 18 de octubre recuperaremos la patria para el pueblo. 

Fomentaremos la miner√≠a, turismo y producci√≥n de cam√©lidos. #VamosASalirAdelante https://t.co/tstcHduH5l",
195,2020-09-27 17:01,Estamos en #Oruro gratamente sorprendidos por la multitudinaria movilizaci√≥n de nuestras hermanas y hermanos orure√±os. Reactivaremos los proyectos que fueron paralizados y fomentaremos el turismo interno para la capital folkl√≥rica de #Bolivia. #VamosASalirAdelante https://t.co/UZX48k0Os9,
196,2020-09-27 16:20,Es tradici√≥n pasar por #Oruro y tomar el delicioso #api orure√±o. Felices de visitar a nuestras hermanas del Mercado Ferm√≠n L√≥pez que siempre nos atienden con tanto cari√±o. Despu√©s del api estamos listos para seguir con el recorrido por la capital folkl√≥rica de #Bolivia. https://t.co/8YoRU1JsiD,
197,2020-09-27 15:42,"Desde tempranas horas de la ma√±ana, con mi hermano @LaramaDavid visitamos medios de comunicaci√≥n de #Oruro. Gracias a RTV Caracol, Radio Pio XII, Radio Fides, Plus TV, @LaPatriaDigital por el espacio para dar a conocer al pueblo las propuestas con las que #VamosASalirAdelante https://t.co/KYyYXoiLi5",
198,2020-09-26 21:47,"¬°Vamos a recuperar la Patria con el voto!
Llallagua tierra de historia y hermanos combativos. Gracias por el gran recibimiento. 
Unidos todos y todas trabajaremos por la miner√≠a y la agricultura de nuestra regi√≥n. 

#VivaPotos√≠
#VamosASalirAdelante https://t.co/DGpIwLICqN",
199,2020-09-26 21:47,"¬°Vamos a recuperar la Patria con el voto!
Llallagua tierra de historia y hermanos combativos. Gracias por el gran recibimiento. 
Unidos todos y todas trabajaremos por la miner√≠a y la agricultura de nuestra regi√≥n. 

#VivaPotos√≠
#VamosASalirAdelante https://t.co/DGpIwLICqN",
200,2020-09-26 20:35,"Ahora, con el hermano @LaramaDavid estamos en Llallagua #Potos√≠.
üî¥ En vivo: https://t.co/vBRR17odkv https://t.co/whIy2gxdq2",
201,2020-09-26 17:49,"¬°El futuro est√° en nuestras manos mis hermanas y hermanos! 
Unidos podemos hacer una naci√≥n m√°s justa, libre y democr√°tica. Consolidemos nuestra hermandad. #VamosASalirAdelante 
https://t.co/GUlHFPF1qn",
202,2020-09-26 16:48,"¬°El Pueblo Unido jam√°s ser√° Vencido! 
Gracias hermanas y hermanos chuquisaque√±os. Cumpliremos el mandato que nos dieron, reconstruiremos la econom√≠a y fomentaremos el turismo interno para reactivar la econom√≠a de la capital de #Bolivia. Con su apoyo #VamosASalirAdelante https://t.co/PwglWFMH1x",
203,2020-09-26 15:43,"Estamos junto al hermano @LaramaDavid en #Chuquisaca, en la proclamaci√≥n de nuestro binomio para las pr√≥ximas elecciones del 18 de octubre. ¬°Gracias a los hermanos y hermanas que nos acompa√±an!

https://t.co/tKjQGgXkSX https://t.co/uzjl33tTWO",
204,2020-09-26 15:23,"¬°Llegamos a #Sucre!

Muy agradecidos por el cari√±o de nuestras hermanas y hermanos chuquisaque√±os que con esperanza nos reciben para expresarnos su confianza. Estamos unidos en un mismo sentir. #VamosASalirAdelante https://t.co/cGlmJDtqfa",
205,2020-09-26 02:39,"üîπDescarga nuestra propuesta sobre el #Litio en el siguiente enlace:
https://t.co/vJtETrNlAj
#VamosASalirAdelante",
206,2020-09-26 01:39,"No tenemos palabras para agradecer tanto apoyo y amor de nuestras hermanas y hermanos potosinos. 
Con mi hermano @LaramaDavid reafirmamos nuestro compromiso de trabajar por la agenda de desarrollo de #Potos√≠ con industrias y obras como se merecen. #VamosASalirAdelante https://t.co/ZpbnpI8Jod",
207,2020-09-25 23:55,"¬°Cu√°nto cari√±o de nuestro pueblo! 
En nuestro retorno nos encontramos con hermosos recibimientos en #Pelka y #TicaTica #Potos√≠.  
Gracias mis hermanas y hermanos. No defraudaremos su confianza y cari√±o. Hasta la victoria. #VamosASalirAdelante https://t.co/7xMgm1oPbM",
208,2020-09-25 23:01,"üîπNuestra propuesta para retomar el camino de la industrializaci√≥n del #Litio, como recurso natural de todas y todos los bolivianos.
#VamosASalirAdelante https://t.co/G6WfcfoMlX",
209,2020-09-25 19:10,"#Uyuni #Potos√≠ 
Estamos reunidos con nuestras hermanas y hermanos mineros cooperativistas de Potos√≠. Escuchamos sus preocupaciones y analizamos c√≥mo salir de la crisis econ√≥mica y social que vivimos. 
#VamosASalirAdelante https://t.co/Oln6gyAvHd",
210,2020-09-25 18:58,"Muy agradecido por las muestras de cari√±o y apoyo de mis hermanas y hermanos de #Uyuni. Con mi  hermano David Choquehuanca, nos fortalecemos para defender e industrializar el litio. No permitiremos que las transformaciones se apropien de nuestra riqueza #VamosASalirAdelante https://t.co/sRokoLfGPk",
211,2020-09-25 17:21,"Desde el majestuoso Salar de Uyuni, reafirmamos nuestras alianzas con las organizaciones sociales para la defensa del litio. Nuestro recurso natural es una de las mayores reservas del mundo y representa la soberan√≠a econ√≥mica y motor de nuestra liberaci√≥n. #VamosASalirAdelante https://t.co/JT0PlTXKO9",
212,2020-09-25 16:13,"¬°En vivo desde el Salar de Uyuni! Presentamos una nueva propuesta para la reconstrucci√≥n de nuestra econom√≠a, mis hermanas y hermanos.
üî¥aqu√≠: https://t.co/t7y0rqyEFA https://t.co/wSgBtZsKMu",
213,2020-09-25 15:39,"¬°Estamos en #Potos√≠! Con mi hermano David Choquehuanca, acompa√±ados de nuestras hermanas y hermanos, iniciamos nuestra caminata en la tierra bendecida del Salar de Uyuni. 
Rumbo a la victoria de octubre. #VamosASalirAdelante https://t.co/2Rs2X00rzl",
214,2020-09-25 14:45,Hoy presentamos una nueva propuesta para reconstruir nuestra econom√≠a. https://t.co/M2cDR0hNFB,
215,2020-09-25 04:35,¬°Linda canci√≥n querido hermano David! https://t.co/zTDkSa4EjP,
216,2020-09-25 03:59,"Luego de una intensa jornada en #SantaCruz, compartimos momentos con la familia. Buenas noches hermanas y hermanos. Gracias por la acogida. Somos felices de estar en esta hermosa tierra. https://t.co/9fNzZHtjRq",
217,2020-09-24 22:55,¬°Felicidades #Pando! Celebramos con la poblaci√≥n pandina sus 82 a√±os de creaci√≥n. Un saludo fraternal a todas mis hermanas y hermanos que desde la Amazon√≠a aportan al desarrollo econ√≥mico y social de #Bolivia. #PerlaDelAcre #VamosASalirAdelante https://t.co/qTbBmYf0FJ,
218,2020-09-24 22:03,"Condenamos estos actos de violencia y exigimos garant√≠as para el ejercicio de nuestros derechos democr√°ticos de expresarnos pac√≠ficamente. Nuestra solidaridad con las v√≠ctimas que sufrieron agresiones, incluidas ni√±as y ni√±os. #RecuperemosLaDemocracia",
219,2020-09-24 22:03,"[Hilo] Denunciamos ante la Comunidad Internacional, que grupos violentos financiados por la derecha extrema del pa√≠s, atentan contra la libertad de nuestras hermanas y hermanos en #Montero y #Warnes, e impulsan nuevamente a una coyuntura de intolerancia total en #Bolivia. https://t.co/60sWkBd7Mt",
220,2020-09-24 21:27,"Con la dirigencia de la Federaci√≥n Sindical √önica de Trabajadores Campesinos de Santa Cruz, analizamos las problem√°ticas del sector. Tierras agr√≠colas, maquinaria y otros referidos a la producci√≥n son su preocupaci√≥n. Trabajaremos para salir de la crisis. 
#VamosASalirAdelante https://t.co/R1pLmFAOs1",
221,2020-09-24 20:54,"Estamos reunidos con nuestras compa√±eras y compa√±eros productores av√≠colas de Santa Cruz. Escuchamos sus preocupaciones y analizamos c√≥mo podemos proyectar el sector para que contin√∫e creciendo. 
#SantaCruz
#SectoresProductivos https://t.co/eVuZSue2vH",
222,2020-09-24 20:21,"¬°Felicidades mi querida #SantaCruz!  Mi reconocimiento al pueblo cruce√±o, hospitalario, trabajador y visionario. Gracias mis hermanas y hermanos por el apoyo y cari√±o que siempre he sentido en esta hermosa tierra. ¬°Viva Santa Cruz! #VamosASalirAdelante https://t.co/FMWSIhDmNW",
223,2020-09-24 15:38,"#SantaCruz 
#NorteIntegrado 
Hermoso recibimiento de mis hermanas y hermanos de sindicatos de mototaxis, juventudes y organizaciones sociales de Warnes. Sentimos el gran apoyo del pueblo.  Unidos #VamosASalirAdelante ¬°Viva Santa Cruz! https://t.co/N80Avny2Jj",
224,2020-09-24 15:12,"Estamos en Warnes, acompa√±ando a nuestros hermanos y hermanas mototaxistas.
En vivo https://t.co/iJRbQY1i0i https://t.co/eKoWK7j7oC",
225,2020-09-24 03:33,En el D√≠a Nacional contra la Trata y Tr√°fico de Personas en #Bolivia sabemos que el Estado debe jugar un rol m√°s activo y preventivo contra este flagelo. Nuestro compromiso es ajustar los mecanismos institucionales y luchar frontalmente para evitar el dolor de las familias. https://t.co/40F1ywk7Xf,
226,2020-09-24 01:24,"Esta noche desde las 21:30 hrs estaremos en @RedGigavision. Acomp√°√±anos por el siguiente link:
https://t.co/4GmQulPmHT https://t.co/XiC3sMdfrU",
227,2020-09-24 00:04,"üî∑ Descarga nuestra propuesta por el siguiente link:

https://t.co/SZUtRhQetu https://t.co/WGXracuKje",
228,2020-09-23 21:36,"¬°Gracias por el recibimiento #Plan3000!
Me conmueve recorrer las calles en las que nuestras hermanas y hermanos enfrentaron la persecuci√≥n y violencia de grupos radicales. ¬°Pronto el llanto se convertir√° en alegr√≠a! #VamosASalirAdelante https://t.co/JQXGsTvoE2",
229,2020-09-23 20:43,"¬°Gracias #SantaCruz!
Se siente el cari√±o y apoyo del pueblo cruce√±o, rumbo a la victoria del 18 de octubre. Recuperaremos la democracia y la estabilidad mis hermanas y hermanos.  ¬°Venceremos!
#VamosASalirAdelante https://t.co/Ja2bzhu4iy",
230,2020-09-23 18:34,"Producci√≥n de diesel y combustibles ecol√≥gicos. 
Grandes proyectos para transformar #Bolivia. #VamosASalirAdelante https://t.co/oVwujQxKUH",
231,2020-09-23 17:18,"Con nuestra propuesta #Bolivia ser√° autosostenible en la producci√≥n de di√©sel y combustibles ecol√≥gicos. Generaremos m√°s de 200 mil nuevos empleos, dinamizaremos la actividad econ√≥mica e ingresaremos a la econom√≠a circular. Transformaremos #Bolivia.

 #VamosASalirAdelante https://t.co/ziDO9yh9FM",
232,2020-09-23 14:47,"#SantaCruz 
HOY presentamos nuestra propuesta para una Pol√≠tica de Combustibles Ecol√≥gicos. 
S√≠gannos en vivo https://t.co/CD52cErLAv
#VamosASalirAdelante https://t.co/5YUs6MDVLo",
233,2020-09-23 01:23,"HOY 22:00 hrs estaremos en @TvuSucre 
¬°Acomp√°√±ennos! #VamosASalirAdelante 
#Sucre https://t.co/hlWGi8G7Ju",
234,2020-09-23 00:29,Esta noche acomp√°√±ennos desde las 21:00 hrs por Canal 4 Mundovisi√≥n. #VamosASalirAdelante https://t.co/9xFHWl2YU2,
235,2020-09-22 22:47,Durante muchos a√±os hemos luchado con mi hermano @LaramaDavid por el bien del pueblo boliviano. Hoy estamos firmes para devolver a nuestra patria la dignidad y democracia que nos arrebataron. #VamosASalirAdelante https://t.co/GAgv4O9o0A,
236,2020-09-22 20:51,"Tenemos a las y los profesionales, la capacidad y experiencia para gobernar #Bolivia. Rescataremos los mejores perfiles para el proceso de industrializaci√≥n. Gracias por sus reflexiones mis hermanas y hermanos chuquisaque√±os. #VamosASalirAdelante https://t.co/gBVHI0QcKU",
237,2020-09-22 20:05,"La incapacidad del gobierno de facto cada d√≠a hunde m√°s a #Bolivia. Paralizaron la inversi√≥n p√∫blica de 2 mil obras perjudicando a todos los municipios, poniendo en riesgo la estabilidad laboral de alrededor de 40 mil trabajadores en construcci√≥n.
https://t.co/nCZhExX4Zn",
238,2020-09-22 19:27,Profundamente agradecido con mis hermanas y hermanos que nos dieron un especial recibimiento hoy en nuestro paso por el Mercado Campesino de la ciudad de #Sucre. Su apoyo nos hace m√°s fuertes para seguir unidos en la lucha hasta nuestra victoria el 18/10. #VamosASalirAdelante https://t.co/0YTO7vKSsJ,
239,2020-09-22 17:54,"Nos encontramos reunidos con nuestras hermanas y hermanos militantes, candidatos y dirigentes de organizaciones sociales de #Chuquisaca. Escuchando sus reflexiones y planificando mejor nuestro trabajo para el beneficio del pueblo chuquisaque√±o. #VamosASalirAdelante https://t.co/HEymHOR3K6",
240,2020-09-22 17:06,"Recuperaremos la institucionalidad cultural y potenciaremos las econom√≠as culturales y creativas, bajo la premisa de la equidad, interculturalidad y reconocimiento de su contribuci√≥n al desarrollo econ√≥mico y social de #Bolivia. #VamosASalirAdelante https://t.co/7WRtxxP66Y",
241,2020-09-22 16:11,¬°Estamos en la capital de #Bolivia! Recorremos las calles de #Sucre recibiendo el cari√±o y apoyo de nuestras hermanas y hermanos. Estamos muy cerca de la victoria. #VamosASalirAdelante. https://t.co/3gV62vvlY2,
242,2020-09-22 13:09,"Soy #LuchoArce, candidato a presidente de #Bolivia por el MAS-IPSP, economista boliviano, docente, orgulloso de mis ra√≠ces y de caminar al lado del pueblo. Con tu apoyo, estoy seguro que #VamosASalirAdelante https://t.co/vlf9wMqCQY",
243,2020-09-22 03:18,Conmemoramos el D√≠a del M√©dico en #Bolivia rindiendo homenaje a todos los profesionales de la medicina que entregaron su vida luchando contra la pandemia. Reconocemos su sacrificio y entrega para salvar vidas a pesar de no contar con las condiciones necesarias ¬°Muchas gracias! https://t.co/vi0gD8rufq,
244,2020-09-22 00:45,"Esta noche acomp√°√±ennos desde las 21:40 hrs por la se√±al de RED Gigavision. #VamosASalirAdelante 

Transmisi√≥n en vivo por:
https://t.co/4GmQulPmHT https://t.co/2k2ZmzEHUf",
245,2020-09-21 23:01,Continuamos con mucha fuerza hermano @LaramaDavid #VamosASalirAdelante https://t.co/UuXHRUQyuM,
246,2020-09-21 22:09,Gracias por recibirnos con tanto cari√±o mis hermanas y hermanos artesanos de la ciudad de #ElAlto. Con @LaramaDavid estamos seguros que con gente trabajadora como ustedes que no se rinden frente a las adversidades #VamosASalirAdelante. ¬°El Alto de pie! ¬°Nunca de rodillas! https://t.co/BprxxyNIdn,
247,2020-09-21 21:03,He tenido el privilegio de visitar #Oruro varias veces. He respirado en sus calles aires de libertad y lucha de un pueblo pujante y trabajador. No permitiremos que la mediocridad de algunos pol√≠ticos da√±e la dignidad de nuestras y nuestros hermanos orure√±os. ¬°Oruro se respeta! https://t.co/1ZudKM70oh,
248,2020-09-21 16:12,"¬°Los j√≥venes son la reserva moral de #Bolivia!
Es tiempo que la juventud participe y cumpla su rol hist√≥rico en la recuperaci√≥n de la patria.  Con ustedes, demostraremos que sabemos y podemos gobernar. En octubre volveremos a sonre√≠r mis hermanas y hermanos. #VamosASalirAdelante https://t.co/AvIXVde1AH",
249,2020-09-21 15:05,"¬°Gracias juventud!
Muchas gracias mis hermanas y hermanos j√≥venes. En sus manos est√° devolver a #Bolivia la estabilidad econ√≥mica y social. Nuestro gobierno ser√° de los j√≥venes. #VamosASalirAdelante https://t.co/kSjFvofMzK",
250,2020-09-21 13:51,"El 18 de octubre nuestra juventud tiene una gran responsabilidad. Tu voto definir√° el futuro de nuestra Patria.

#VamosASalirAdelante https://t.co/DYJH6xILZj",
251,2020-09-21 13:24,Desayunamos con @LaramaDavid y nuestros compa√±eros lustrabotas de la ciudad de #ElAlto. Desde temprano trabajan en las calles  y de seguir la crisis econ√≥mica y social ser√°n los m√°s afectados. No queremos hambre para #Bolivia. #VamosASalirAdelante https://t.co/o5R5ibylT2,
252,2020-09-21 11:26,"Ya estamos dialogando en @ATBDigital. Acomp√°√±ennos por el siguiente enlace:

https://t.co/AsIawDhT5g https://t.co/cJJhPbVe4P",
253,2020-09-21 10:05,"En minutos estaremos dialogando en @ATBDigital. Acomp√°√±ennos por el siguiente enlace:

https://t.co/mjecb5w8Ai https://t.co/a6AacI9yIO",
254,2020-09-21 03:09,"Con nuestro hermano @LaramaDavid, convocamos a toda la juventud en su conjunto a estar presentes en el Gran Lanzamiento de nuestra Pol√≠tica de Juventudes. Con el apoyo y aporte de la juventud reconstruiremos nuestra Patria, solo al lado de las y los j√≥venes #VamosASalirAdelante. https://t.co/OknSqzgRHb",
255,2020-09-21 01:25,"En nuestro gobierno, cuidar y generar m√°s empleo volver√° a ser una prioridad. Daremos incentivos a las empresas privadas que mantengan las fuentes laborales, en especial si son de mujeres o j√≥venes. Reactivaremos la inversi√≥n p√∫blica para generar m√°s trabajo. #VamosASalirAdelante",
256,2020-09-21 01:25,"[HILO] La inoperancia del gobierno de facto llev√≥ a #Bolivia a registrar una tasa de desempleo que no ten√≠amos hace 16 a√±os. Cuando nos arrebataron el gobierno, la cifra llegaba apenas al 4%. Ahora, con el Modelo neoliberal, el indicador lleg√≥ casi al 12%.",
257,2020-09-20 23:11,"¬°Ya estamos conversando con j√≥venes! 
#ConversandoConLucho20 
En vivo, aqu√≠: https://t.co/NGN6xJ7OzT https://t.co/ADefXo9jHy",
258,2020-09-20 22:02,Los hechos apuntan la corrupci√≥n del gobierno de facto de #Bolivia. Cambian al Procurador del Estado por oponerse a privatizar #ENDE y pedir informaci√≥n sobre la compra irregular de gases lacrim√≥genos. La  presi√≥n de un Ministro es evidente.,
259,2020-09-20 22:00,"¬°Hoy junto a @AndronicoRod conversaremos con las y los  j√≥venes bolivianos!
El pa√≠s se encamina a una elecci√≥n hist√≥rica en la que la juventud tiene mucho para decir y aportar.
¬°Los esperamos!
En vivo: https://t.co/OTVdUcP3of https://t.co/Jabzs2DiL4",
260,2020-09-20 19:33,"#Bolivia necesita con urgencia retomar la senda del Modelo Econ√≥mico Social Comunitario Productivo. El 18 de octubre el pueblo tendr√° el poder para devolverle al pa√≠s la certidumbre, estabilidad econ√≥mica y empleos dignos. #VamosASalirAdelante",
261,2020-09-20 19:33,"[HILO] Antes de la pandemia, el gobierno de facto destruy√≥ nuestra econom√≠a regresando al modelo neoliberal. Provocaron d√©ficit fiscal, frenaron la inversi√≥n p√∫blica y redujeron la recaudaci√≥n tributaria dejando en crisis a gobernaciones, municipios y universidades.",
262,2020-09-20 18:44,La cultura nunca ser√° un gasto innecesario. #VamosASalirAdelante https://t.co/vbVHCLiJS8,
263,2020-09-20 17:11,"Esta noche estaremos conversando con nuestro hermano @AndronicoRod y toda la juventud. Las y los esperemos desde las 19:00 hrs. #VamosASalirAdelante

S√≠guenos en vivo por:
https://t.co/fF3YlHBisB https://t.co/JJ28BgEGT8",
264,2020-09-20 15:41,"AHORA en entrevista con medios comunitarios de Los Yungas, contando nuestro plan de acci√≥n para sacar a Bolivia de la crisis econ√≥mica y social. 
En vivo: https://t.co/XPm7ohPrqP https://t.co/RWinu5sgv4",
265,2020-09-20 15:33,Estamos en entrevista con medios comunitarios de Los Yungas. Respondemos a todas sus preguntas y explicamos nuestro plan de acci√≥n para sacar a Bolivia de la crisis econ√≥mica y social. Esc√∫chanos en https://t.co/9fQTDiiwyK,
266,2020-09-20 15:27,Siempre hemos apostado por la juventud y lo seguiremos haciendo. Es enriquecedor escuchar sus ideas innovadoras. Nuestro compromiso es darles el lugar que se merecen al gobernar. #VamosASalirAdelante https://t.co/lvo4Gwlqcw,
267,2020-09-20 14:36,"Nos encontramos reunidos desde temprano con j√≥venes representantes de la Confederaci√≥n de Estudiantes en Formaci√≥n de Maestros de #Bolivia y de la FUL UPEA, dialogando sobre la crisis educativa que estamos viviendo y trabajando colectivamente propuestas. #VamosASalirAdelante https://t.co/aSDy3O9tdO",
268,2020-09-20 13:18,"La publicaci√≥n de la Ley del ""Bono contra Hambre"" en la Gaceta obliga a pagar el beneficio a las familias bolivianas. No hay argumento pol√≠tico para perjudicar al pueblo boliviano. Con iniciativa y trabajo se atiende las necesidades en la pandemia #VamosASalirAdelante",
269,2020-09-20 03:06,Agradecemos a @TelevisionUpea por el espacio en el programa #ElAltoDecide. Gracias hermanas y hermanos alte√±os por sintonizarnos desde sus hogares y acompa√±arnos siempre donde vamos. ¬°#ElAlto de pie nunca de rodillas! Unidos recuperaremos la patria. #VamosASalirAdelante https://t.co/nRVMMFz3od,
270,2020-09-20 00:27,"En nuestro gobierno priorizaremos e impulsaremos todas aquellas industrias que sustituyan las importaciones, dinamicen el mercado interno y utilicen la mayor cantidad de insumos nacionales. Queremos fortalecer la producci√≥n nacional. #VamosASalirAdelante",
271,2020-09-19 23:26,"Esta noche a partir de las 21:00 hrs estaremos en el programa El Alto Decide, que se emite por @TelevisionUpea.

S√≠guenos en vivo por el siguiente enlace:https://t.co/VLhodzDfzK https://t.co/sZAZK9etNL",
272,2020-09-19 21:52,"Hoy estaremos conversando con @alejandra_malem, @Abilassalle y @pablo_messina en el programa @MinutoAMinutoC5 de @C5N #Argentina. 

Acomp√°√±anos por:
https://t.co/izTyeQpPsP https://t.co/7DNVBuLRtT",
273,2020-09-19 20:35,Repudiamos los ataques violentos que hoy sufri√≥ nuestra militancia en la ciudad de #Cochabamba. Exigimos respeto a nuestro derecho de realizar con libertad actividades pac√≠ficas de campa√±a electoral.  ¬°Basta de dictadura! #RecuperaremosLaDemocracia https://t.co/35tm99Ra39,
274,2020-09-19 19:25,"¬°Gracias La Paz! Impresionante caminata rumbo a la victoria del 18 de octubre. Gracias por tanto cari√±o hermanas y hermanos. Vamos a devolverle la soberan√≠a y la estabilidad a nuestra Patria.

#VamosASalirAdelante https://t.co/CWHPdQZBfE",
275,2020-09-19 17:59,"Y donde les quitaron cobardemente la vida a nuestros m√°rtires en noviembre de 2019. ¬°Venceremos hermanos!

#VamosARecuperarLaDemocracia",
276,2020-09-19 17:59,Con mi hermano @LaramaDavid compartimos momentos muy emocionantes a lado de nuestras hermanas y hermanos de #Senkata. Tenemos sentimientos encontrados al recorrer las calles donde valientemente se defendi√≥ nuestro Gas en 2003. https://t.co/gCNd3OQIs9,
277,2020-09-19 14:20,"¬°Gracias mis hermanas y hermanos de #ElAlto! Su cari√±o y compromiso nos da fuerza para seguir luchando para recuperar la patria. Gracias hermano @LaramaDavid. Con la unidad y apoyo del pueblo, #VamosASalirAdelante https://t.co/RnCQcBijDs",
278,2020-09-19 13:04,"Mis hermanas y hermanos, despu√©s de estar Senkata haremos la Caminata por los Barrios de La Paz. Partiremos del ex surtidor en la Av. Kollasuyo, acomp√°√±anos.
#VamosASalirAdelante https://t.co/QmYDKtoFvQ",
279,2020-09-19 12:20,En minutos estamos en Senkata mis hermanas y hermanos. #VamosASalirAdelante https://t.co/XJx2hmoNnn,
280,2020-09-19 12:16,"Con mi hermano David Choquehuanca visitamos a nuestras queridas hermanas y hermanos comerciantes de las poderosas ""ma√±aneras"" de la ciudad de #LaPaz. Gracias a su apoyo y ejemplo de trabajo, #VamosASalirAdelante https://t.co/26eFLPxb1P",
281,2020-09-19 00:13,Hoy #Bolivia necesita un nuevo despegue econ√≥mico. ¬°Estoy listo para lograrlo una vez m√°s! #VamosASalirAdelante https://t.co/68xFGb2DqB,
282,2020-09-18 23:10,"En minutos estaremos conversando con @JPVarsky en el programa ""Perspectivas"" de CNN desde Buenos Aires #Argentina. Acomp√°√±anos en el siguiente enlace: https://t.co/gSz23O3upV https://t.co/NgO9FNyxY4",
283,2020-09-18 22:54,"Reconstruiremos la econom√≠a, profundizaremos la industrializaci√≥n, crearemos empleos dignos, implementaremos un plan para enfrentar la crisis sanitaria y educativa. Somos el √∫nico instrumento pol√≠tico capaz de sacar al pa√≠s de la crisis, al lado del pueblo #VamosASalirAdelante",
284,2020-09-18 22:54,"[HILO] La incapacidad y corrupci√≥n del gobierno de facto, y los partidos de derecha que apoyaron el golpe de Estado, provocaron una profunda crisis sanitaria, econ√≥mica y social en #Bolivia. Presentamos nuestro plan de acci√≥n #VamosASalirAdelante para superar la crisis del pa√≠s.",
285,2020-09-18 22:35,"Siempre hemos apostado por la juventud. En nuestra gesti√≥n, incentivar los emprendimientos y garantizar oportunidades para las y los j√≥venes de #Bolivia ser√° una de nuestras prioridades. Con su apoyo, iniciativas y trabajo #VamosASalirAdelante https://t.co/oKHZmc325Y",
286,2020-09-18 20:21,"Hoy participaremos en el panel internacional ""Recuperar la democracia en Am√©rica Latina"", organizado por @ProgIntl. Estaremos dialogando con @ecuarauz, @petrogustavo y @AliciaCastroAR.  Acomp√°√±anos en:
Facebook: https://t.co/iR10jPoxBE
YouTube: https://t.co/umk8ZdxlIP https://t.co/YrhOGtwQ2y",
287,2020-09-18 19:15,"Nuestras propuestas se construyen escuchando al pueblo. Gracias hermanas y hermanos artesanos, micro y peque√±os empresarios, transportistas, gremiales, orfebres, relojeros, trabajadores gr√°ficos, juntas vecinales, m√©dicos y padres de familia de #LaPaz. #VamosASalirAdelante https://t.co/7K3WXzcSQ0",
