,created_at,id,text
0,2020-10-13 22:04,1316137884286693377,"En las buenas y en las malas, siempre con nuestra #Bolivia y nuestra selecci√≥n. Triste por el resultado. Argentina obtuvo un triunfo merecido."
1,2020-10-13 20:29,1316113738035007490,"Pase de Chuma al mejor delantero que ha vestido la verde y ...GOOOL de #Bolivia. ¬°As√≠ se puede!
BO-BO-BO, LI-LI-LI, VIA-VIA-VIA. Fuerza mi Bolivia."
2,2020-10-13 14:41,1316026290470699014,"En La Paz, #Bolivia, hace casi 50 a√±os el mejor jugador del Siglo XX, Pel√©, marc√≥ un gol inolvidable. 
Hoy juega aqu√≠ #Messi, el mejor jugador del Siglo XXI. Privilegio recibirlo y ser√° un orgullo derrotarlo. 
¬°Fuerza #Bolivia! https://t.co/LoqyWmzuzd"
3,2020-10-13 00:35,1315813443262390272,"RT @tutoquiroga: Mi mensaje a #Bolivia en Facebook:
https://t.co/GUlDdWCD84"
4,2020-10-13 00:35,1315813422848790529,"RT @tutoquiroga: Mi mensaje a #Bolivia, camino a las elecciones del 18 de octubre:
https://t.co/U3Z4OpXhZU https://t.co/pSix9By5UC"
5,2020-10-11 20:00,1315381718380171265,"Mi mensaje a #Bolivia en Facebook:
https://t.co/GUlDdWCD84"
6,2020-10-11 19:58,1315381269044305920,"V√≠deo de mi mensaje a #Bolivia, rumbo a las elecciones del 18 de octubre:
https://t.co/SICkvwVfUY"
7,2020-10-11 19:54,1315380186842574850,"Mi mensaje a #Bolivia, camino a las elecciones del 18 de octubre:
https://t.co/U3Z4OpXhZU https://t.co/pSix9By5UC"
8,2020-10-11 11:20,1315250853633306625,"Gracias a todos en El Alto y La Paz, por el cari√±o y el apoyo ayer en la caravana telara√±a. C√≥mo dice nuestra canci√≥n ic√≥nica: ¬°Viva mi Patria Bolivia! https://t.co/zRBKezWoB6"
9,2020-10-10 13:22,1314919332313542656,"Un d√≠a como hoy, recuperamos la democracia, despu√©s enfrentamos una profunda crisis econ√≥mica. 38 a√±os despu√©s, nuestro desaf√≠o es salvar la econom√≠a y reparar la democracia, despu√©s de 14 oscuros a√±os autoritarios. La tarea ser√° tit√°nica, unidos ...lo haremos. https://t.co/Yda2VmzqHu"
10,2020-10-10 11:28,1314890446468980737,"Luis Arce anuncia que intentar√° repetir el fraude, del a√±o pasado, de su jefe Evo; y en un acto inveros√≠mil de gimnasia, se ""botar√° a patadas"" a s√≠ mismo, volviendo a escapar a M√©xico, como lo hizo 6 de diciembre pasado. https://t.co/hOZEAWHRvP"
11,2020-10-09 16:20,1314601562027810817,"Verg√ºenza internacional que @lopezobrador_, quien denunciaba fraudes en #Mexico (pa√≠s sin reeleci√≥n), hubiese cometido injerencia, para hacer fraude, buscando una tercera reeleci√≥n para el defensor de la coca en #Bolivia.
#CobardeMatoncito

https://t.co/xHoFt9TkS0"
12,2020-10-09 15:59,1314596361548050435,"Afuera el Che es mito. Para #Bolivia fue un invasor extranjero. Evo deshonr√≥ a nuestros militares, oblig√°ndolos a corear slogan cubano. 
Lucharemos hasta que #CUBALIBRE pase de ser un pedido et√≠lico, a un clamor que nazca del alma, sacuda el coraz√≥n y reverbere en toda AmerLat. https://t.co/Wu5xriCUjm"
13,2020-10-09 02:36,1314394172955164674,"Evo Morales no ser√° Presidente de #Bolivia nunca m√°s, pero sigue dirigiendo cocaleros del Tr√≥pico-Cbba, con su lugarteniente Andro-Narquito. Ellos dos son responsables de las vidas de tres polic√≠as secuestrados. O los devuelven con vida e ilesos, o deber√°n pagar las consecuencias https://t.co/2vZinsMl5T"
14,2020-10-08 17:34,1314257849325883393,"Profunda entrevista con @CFValverde, agudo analista de nuestra realidad. Podemos discrepar, pero saludamos su consecuencia period√≠stica y compromiso con la verdad a trav√©s de investigaciones documentadas. Aqu√≠ nuestra pl√°tica: 
https://t.co/YwmDy0jgJ9"
15,2020-10-08 13:37,1314198204645347329,"Mesa anuncia acuerdo, otra vez, con Evo Morales. Tu voto ""√∫til"" beneficiar√° al tirano pr√≥fugo, depravado y fraudulento.
Conmigo: Evo y su cuadrilla responder√°n ante la justicia boliviana e internacional; nada con Evo, todo por #Bolivia.

Carlos Mesa: rectifique o ratifique. https://t.co/uvseDnnSPs"
16,2020-10-08 13:12,1314192056181575680,"En Radio Panamericana conversamos sobre gran impulso que nos dieron los debates. Vamos a votar con ganas, con fuerza y convicci√≥n. Votemos por la √∫nica propuesta que salva la econom√≠a y la democracia de nuestra #Bolivia. 
#BatacazoTuto https://t.co/HTNsWEHRYA"
17,2020-10-08 11:40,1314168759872036864,"RT @tutoquiroga: .@LuchoXBolivia, el cajero del desfalco, despilfarr√≥ $us 50.000 millones del gas, quem√≥ reservas del BCB y ahora se devela‚Ä¶"
18,2020-10-08 11:39,1314168661440188417,RT @tutoquiroga: Democracia es debate. Cumpl√≠ con #Bolivia mostrando propuestas y respuestas para salvar la econom√≠a y recuperar democracia‚Ä¶
19,2020-10-07 20:22,1313937662504570881,Entrando en vivo ahora con @CFValverde en Santa Cruz.
20,2020-10-07 20:17,1313936461473996800,"RT @noticiasfides: #ANF El candidato a la presidencia por Libre21, @tutoquiroga, se dirige a Eva Copa. ""Eva, es hora de escoger: tu futuro‚Ä¶"
21,2020-10-07 18:15,1313905780538605571,".@EvaCopa_Bol: ¬øPor qu√© como l√≠der joven, Alte√±a, sin denuncias personales, est√°s removiendo al Procurador que demuestra la corrupci√≥n de @LuchoXBolivia?
Eva, es hora de escoger: tu futuro o encubrir al cajero del desfalco. No te equivoques, si eres honesta, no protejas ladrones. https://t.co/RcTNBTX9g1"
22,2020-10-07 15:35,1313865432961515522,"El fraude electoral en #Bolivia fue orquestado con injerencia mexicana; Quintana y Arce se refugiaron en esa embajada. En diciembre @LuchoXBolivia escap√≥ a #Mexico. Despu√©s del 18-Oct, el cajero cobarde y fraudulento, volver√° a escapar.
https://t.co/D7dF9wq2c0"
23,2020-10-07 15:29,1313864102364819457,".@LuchoXBolivia, el cajero del desfalco, despilfarr√≥ $us 50.000 millones del gas, quem√≥ reservas del BCB y ahora se devela que se apropi√≥ personalmente de recursos p√∫blicos, de los ind√≠genas. 
@LaramaDavid ¬øNo te da verg√ºenza acompa√±ar a este corrupto?
https://t.co/rLMoyH5eA1"
24,2020-10-07 13:28,1313833477293342721,"Democracia es debate. Cumpl√≠ con #Bolivia mostrando propuestas y respuestas para salvar la econom√≠a y recuperar democracia. Un triunvirato de candidatos se ausent√≥ o titube√≥, ahora pretenden buscar m√°s debates, digan cu√°ndo y d√≥nde, pero ya no enga√±en ni jueguen con la gente. https://t.co/F9AHL0uTsC"
25,2020-10-07 12:20,1313816480736256000,"En @Opinion_Bolivia conversamos sobre debates presidenciales. Qued√≥ claro que tenemos la √∫nica propuesta que salva la economia de la crisis, preserva empleos, asegura estabilidad y recupera democracia.
https://t.co/HJX0tWxH5I"
26,2020-10-07 02:47,1313672260557901824,...derecho HUMANO.... disculpas
27,2020-10-07 02:25,1313666684373397504,"En @LosTiemposBol explicamos como sentamos a Evo Morales en banquillo de acusados de la Corte de San Jos√©, de la OEA, porque la reelecci√≥n no es derecho himano. C√≥mo tambi√©n nuestro plan econ√≥mico y democr√°tico
https://t.co/MC8v0jS06y"
28,2020-10-07 02:12,1313663537231912960,"Analizamos los debates presidenciales del fin de semana con @JimenaAnteloT y @PepePomacusi en ""Fama, Poder y Ganas"". 
https://t.co/gdxcQdn6ta"
29,2020-10-06 21:44,1313596041678159874,"Despu√©s de a√±os de trabajo, sentamos a Morales en @CorteIDH, por violar Constituci√≥n y desconocer #BoliviaDijoNO del #21F. Corte dictaminar√° que reeleci√≥n NO es ""derecho humano"" y Evo quedar√° inhabilitado de por vida. Tiran√≠a nunca m√°s, libertad siempre. Gracias @LuisAngelVasqu https://t.co/3G8sbSSXbZ"
30,2020-10-06 13:57,1313478418684674048,"RT @SoyWendyAndrea: Gracias, @tutoquiroga. El √∫nico que agradeci√≥ a los mandiles blancos en la lucha por la democracia. https://t.co/IPHrYH‚Ä¶"
31,2020-10-06 13:26,1313470702805229570,"Luis Arce y el MAS manipulan encuestas e hicieron fraude gigantesco. Ahora agreden a vocales electorales que investigan ese fraude, y que trabajan para evitar que se repita. Los fraudulentos, sus defensores y agitadores, deben estar detr√°s de rejas. https://t.co/KXjwWQhMcB"
32,2020-10-05 15:15,1313135807746764808,"Aqu√≠ mi intervenci√≥n en Foro Presidencial del 3-Oct, d√≥nde demostramos que Arce destruy√≥ la econom√≠a en 14 a√±os. Ahora √©l propone terminar de enterrarla mediante moratorias con organismos, cortando ox√≠geno financiero, e impuestazos en plena crisis. 
https://t.co/iQrfibUaOb"
33,2020-10-05 13:39,1313111659280564228,"Hoy estaremos en estos medios:
‚úì 10:15 en Radio Mar√≠tima con @BellsCecilia
‚úì 11:30 en ""Fama, Poder y Ganas"" con @JimenaAnteloT
y @PepePomacusi 
‚úì 21:00 en TVU con @XimenaGalarza 
‚úì 23:00 en ""Hora 23"" por @redbolivision https://t.co/M4nvlwzK2c"
34,2020-10-05 13:26,1313108359437078528,"Mi hija Vanessa, la ingeniera @vquiroga12, junto a mi primera nieta, quien llegar√° a nuestras vidas en Febrero 2021. La felicidad tiene nombre: Sof√≠a Elena. https://t.co/STny3Ztvu7"
35,2020-10-05 12:51,1313099503935856642,"El t√≠tere del tirano pr√≥fugo admite lo que el mundo, Evo y #Bolivia saben: el MAS es un partido fraudulento. 
La prueba de ese fraude es la candidatura de @LuchoXBolivia . https://t.co/jDaaXJOOJC"
36,2020-10-04 12:59,1312739125590740992,"Luis Arce miente y derrocha, mientras nos roban. Anoche neg√≥ haber dicho que dej√≥ econom√≠a ""blindada"", minti√≥. S√≠ gast√≥ $us 1 mill√≥n, de nuestro dinero, para sus vidrios ""blindados"", derroch√≥. Regal√≥ anticipo de $us 3 millones sin boleta para la gestora, nos robaron. https://t.co/9WqaxdTu0F"
37,2020-10-03 18:49,1312464824639451136,"Hoy a las 19:30 estaremos en Debate Presidencial, explicando la √∫nica propuesta, la nuestra, que salva la econom√≠a y recupera la democracia de #Bolivia. https://t.co/LMRrj6X8BB"
38,2020-10-03 02:44,1312221860965343235,"RT @rosemar98716856: .#Proteccion 
.#Ni√±os y
.#Mujeres 
.#TutoPresidente https://t.co/PMRcVoZFnu"
39,2020-10-03 00:37,1312190032690606080,.@LuchoXBolivia ya no tienes excusa. Cumple con la democracia asistiendo el 4-Oct al debate Presidencial en La Paz. https://t.co/keMuXTqWDQ
40,2020-10-02 19:28,1312112315743924226,"RT @noticiasfides: #ANF El candidato presidencial por Libre 21, @tutoquiroga pidi√≥ a la Red Uno, reprogramar la entrevista con el candidato‚Ä¶"
41,2020-10-02 16:25,1312066112553725955,"Pedimos a @RedUnoBolivia que reprograme esta entrevista con Arce, para que √©l no los use de excusa para sabotear debate. M√°s a√∫n, esta RED puede transmitir debate este domingo 4-Oct.
Despu√©s de casi 20 a√±os de silencio, #Bolivia quiere debates. @RedUnoBolivia: ayude a democracia. https://t.co/gjfUBVszxX"
42,2020-10-02 15:59,1312059530830905353,"El chantaje Masista vuelve, anunciado ahora por el cajero de la corrupci√≥n. @LuchoXBolivia: o nos robamos elecciones con fraude, o hacemos golpe con narco-cocaleros del Chapare. Confiesan manipulaci√≥n de varias encuestas, con las que dicen que MAS ya gan√≥ sin que nadie vote. https://t.co/yXAkSsW7RW"
43,2020-10-01 21:40,1311783144555712513,"RT @tutoquiroga: Aqu√≠ mi intervenci√≥n completa ante @CorteIDH, que hoy escuch√≥ que en #Bolivia Evo viol√≥ Constituci√≥n, desconoci√≥ dos refer‚Ä¶"
44,2020-10-01 12:47,1311648973812310023,"Despu√©s de 15 a√±os de esconderse, parece que el MAS, con @LuchoXBolivia, participar√° en debates este 3-Oct (SRZ) y 4-Oct (LP). Ser√≠a un avance democr√°tico, ojal√° Arce no emule a Evo, no se asuste, ni se escape. #Bolivia necesita saber qui√©n puede salvar la crisis econ√≥mica. https://t.co/92DXUosWnO"
45,2020-10-01 12:19,1311641825661386754,El Diario - Tuto Quiroga: ‚ÄúSer tirano jam√°s ser√° un derecho humano‚Äù https://t.co/Fm7mts3I1o
46,2020-10-01 11:40,1311632149083291649,"RT @tutoquiroga: Hoy en @CorteIDH:
Democracia est√° amenazada por reelecci√≥n indefinida:populismo ef√≠mero da√±a, continuismo eterno aniquila‚Ä¶"
47,2020-10-01 02:08,1311488026737102849,RT @LosTiemposBol: .@tutoquiroga ante la @CorteIDH: ‚ÄúLa reelecci√≥n indefinida destruye democracia‚Äù: https://t.co/Aty3dg0suN https://t.co/dU‚Ä¶
48,2020-09-30 23:09,1311442973876465664,"Aqu√≠ mi intervenci√≥n completa ante @CorteIDH, que hoy escuch√≥ que en #Bolivia Evo viol√≥ Constituci√≥n, desconoci√≥ dos refer√©ndums y minti√≥ tres veces. Ser un depravado tirano NO es un derecho humano amparado por la Convenci√≥n Interamericana.
https://t.co/nHWkLvrxH7"
49,2020-09-30 19:37,1311389621411082241,RT @pagina_siete: Tuto: La Convenci√≥n debe proteger a los ciudadanos y no ser instrumento de un tirano https://t.co/VszSCQpMM4 https://t.co‚Ä¶
50,2020-09-30 19:29,1311387779977408513,RT @grupoeldeber: El expresidente intervino en las sesiones que analizan la opini√≥n consultiva solicitada por Colombia. Un fallo judicial p‚Ä¶
51,2020-09-30 16:15,1311338877400035328,"Hoy en @CorteIDH:
Democracia est√° amenazada por reelecci√≥n indefinida:populismo ef√≠mero da√±a, continuismo eterno aniquila; autoritarismo pasajero es malo, despotismo permanente es autocracia. 
Reeleci√≥n indefinida destruye democracia. 
Mi intervenci√≥n: https://t.co/u70It0OktK https://t.co/uWQNN5PV5P"
52,2020-09-30 13:11,1311292601644077056,"RT @tutoquiroga: Mi√©rcoles 30-septiembre, a partir de las 11:40 am, estaremos interviniendo en la @CorteIDH, despu√©s estar√° el expresidente‚Ä¶"
53,2020-09-30 11:47,1311271535152431107,"Triste partida de un gran periodista. Marcos luch√≥ como gladiador por la vida, Dios se lo llev√≥. Mi solidaridad para toda su familia, para sus colegas periodistas y amigos de @RedUnoBolivia https://t.co/L1SwrMdn9i"
54,2020-09-30 01:56,1311122764951179265,"Mi√©rcoles 30-septiembre, a partir de las 11:40 am, estaremos interviniendo en la @CorteIDH, despu√©s estar√° el expresidente @AndresPastrana_, cuya ayuda hizo posible esta sesi√≥n. La reeleci√≥n indefinida NO es un derecho humano. 
Pueden seguir sesi√≥n en FBook o Youtube. https://t.co/Y5LxHKGNOE"
55,2020-09-29 18:37,1311012342658932738,"La Comisi√≥n Interamericana, bajo Abr√£o y Eguiguren, guard√≥ silencio c√≥mplice sobre Re-Re-Reeleci√≥n de @evoespueblo. Ayer, @CIDH finalmente tom√≥ posici√≥n.
Con perseverancia, la justicia internacional defiende hoy el 21F. Despu√©s, Evo deber√° responder por depravado y corrupto. https://t.co/b2MH9FLcGf"
56,2020-09-28 22:28,1310707940693872641,"RT @tutoquiroga: Mandela dijo: ‚ÄúTodo parece imposible hasta que se lo hace‚Äù.
2019, en 3 semanas, expulsamos al tirano fraudulento. 
Estas p‚Ä¶"
57,2020-09-28 21:16,1310689830427406339,"RT @CIDH: La #CIDH afirm√≥ que reelecci√≥n presidencial indefinida:
1) socava los sistemas de vigilancia y las bases de la democracia
 2)Pued‚Ä¶"
58,2020-09-28 20:04,1310671763953647619,"Con la econom√≠a de #Bolivia al borde del colapso, por el desfalco del MAS y la pandemia recesiva, el gabinete de transici√≥n se desmorona. La Presidenta debe sincerar informaci√≥n econ√≥mica, preparar cambio de mando ordenado y evitar da√±os econ√≥micos."
59,2020-09-28 19:23,1310661395231498241,RT @gerardodeicaza: Parte de mi intervenci√≥n hoy en audiencia ante la @CorteIDH sobre reelecci√≥n indefinida ‚ÄúA trav√©s de las Misiones de Ob‚Ä¶
60,2020-09-28 18:42,1310651129190113282,RT @Almagro_OEA2015: La reelecci√≥n presidencial no es un derecho humano.
61,2020-09-28 14:41,1310590535397183489,"Aqu√≠ pueden seguir, del 28-30 septiembre, las audiencias de @CorteIDH para tratar si reeleci√≥n indefinida es un ""derecho humano"", como lo sostuvo @evoespueblo para hacer fraude e intentar robarse un cuarto mandato.

https://t.co/GWesXQoBTn

https://t.co/4ijoSFKvxC"
62,2020-09-28 00:33,1310377031461416961,"Mandela dijo: ‚ÄúTodo parece imposible hasta que se lo hace‚Äù.
2019, en 3 semanas, expulsamos al tirano fraudulento. 
Estas pr√≥ximas 3 semanas, con tu apoyo, salvemos la econom√≠a y evitemos que hoy con Arce, o ma√±ana con Evo, retorne la tiran√≠a. 
Unidos, hagamos lo dif√≠cil otra vez. https://t.co/IJ71ccygrb"
63,2020-09-27 19:16,1310297189252501506,"Ma√±ana 10:30 am empiezan en @CorteIDH argumentos orales tan importantes para defender la democracia, como fue La Haya para el mar. Espero que GOB de @JeanineAnez defienda con capacidad y consecuencia #BoliviaDijoNO. Aqu√≠ mi opini√≥n  escrita Amicus Curiae:
https://t.co/3MSmbib4EP https://t.co/FiO2eMXGwI"
64,2020-09-27 00:28,1310013349481140225,"Despu√©s de a√±os de perseverar e insistir, el 28-30 Septiembre la @CorteIDH tendr√° audiencias, para determinar si la reeleci√≥n indefinida es un ""derecho humano"".
#Bolivia dijo NO, Evo hizo fraude y la @OEA_oficial lo prob√≥. 
Corte debe fallar por democracia y contra tiran√≠a. https://t.co/EP7cgPdOWU"
65,2020-09-26 19:46,1309942525889835009,"RT @AvilleMora: üõë @tutoquiroga sobre @carlosdmesag. ""Estoy seguro que el mejor libro de c√≥mo se salvo la econom√≠a lo escribiria Carlos Mesa‚Ä¶"
66,2020-09-26 12:44,1309836273054617600,"Con @JimenaAnteloT conversamos sobre crisis econ√≥mica, la necesidad de inyectar $us 8.000 millones, de recursos externos, para preservar 650.000 empleos y crear 450.000 nuevos, garantizando estabilidad financiera, preservando ahorros, pensiones y sueldos. 
https://t.co/Sq4qhuLOLQ"
67,2020-09-25 20:37,1309592812669861888,"""Grupo de Puebla"" camino al basurero. Defendieron LavaJato corrupto y al tirano Maduro. Ahora defienden fraude del depravado @evoespueblo, probado por informe de @OEA_oficial, el que Evo pidi√≥ sea vinculante (30-Oct) y acept√≥ (10-Nov). 
Ojal√° ma√±ana no defiendan la pedofilia. https://t.co/bhZnnB6cKO"
68,2020-09-25 19:01,1309568715164454912,"Entrevista en #PeriodismoQueCuenta, en TVU-Sucre, en la que profundizamos sobre c√≥mo salvar la econom√≠a de crisis que se avecina, para nunca m√°s poner en riesgo la democracia en #Bolivia. https://t.co/1ZiVvsfTio"
69,2020-09-25 13:50,1309490496679677955,"RT @noticiasfides: #ANF ""Luis Arce es el cajero del desfalco, √©l fue el pir√≥mano que incendi√≥ la econom√≠a y ahora se viene a disfrazar de b‚Ä¶"
70,2020-09-25 12:17,1309466949257179136,".@evoespueblo viol√≥ la Constituci√≥n, pisote√≥ 21F e hizo fraude. Fue un golpe en c√°mara lenta. El Senador @BernieSanders ataca a @OEA_oficial, se entromete en #Bolivia y defiende al fraudulento depravado. Aqu√≠ mi respuesta en ingl√©s, con subt√≠tulos.
https://t.co/FEqLsCNadF"
71,2020-09-25 11:36,1309456758658785281,"Gracias #Sucre por el cari√±o que nos brindan en la tierra de @YarhuiTomasa. Con ese apoyo salvaremos la econom√≠a de #Bolivia, viviremos en libertad, con unidad y empleos, fabricando aqu√≠ las bater√≠as de litio. https://t.co/V3xz2KNgtq"
72,2020-09-24 23:18,1309270981186392073,"Senador Socialista de EEUU, @BernieSanders, se entromete en #Bolivia y respalda tiranos regionales, incluyendo al fraudulento y depravado @evoespueblo. Aqu√≠ mi respuesta a nombre de #Bolivia libre y sin fraude.
(EN INGL√âS, despu√©s ponemos subt√≠tulos)
https://t.co/oDpKznagE5"
73,2020-09-24 23:13,1309269699587440646,"US Senator @BernieSanders continuously meddles in my country Bolivia, while coddling regional tyrants, including the fraudulent and immoral Evo Morales. On behalf of freedom-loving Bolivians, here is my response.
(English/INGL√âS, despu√©s subtitularemos)
https://t.co/qgeCMmsX6e"
74,2020-09-24 19:05,1309207254537834497,"Gracias al equipo de #LIBRE21 en #SantaCruz por la hermosa caravana, en veh√≠culo a bater√≠as de litio inclu√≠do, la visita a la Virgen de Cotoca, y por el apoyo dedicado a la causa de salvar la econom√≠a, para que no retorne la tiran√≠a. https://t.co/ziEeTz8syT"
75,2020-09-24 16:58,1309175288648159236,"Gracias a la UGRM por invitarnos a conversar sobre necesidad nacional de salvar la econom√≠a, para nunca m√°s caer bajo la tiran√≠a. Tenemos la √∫nica propuesta, equipo y experiencia para reconstruir la econom√≠a y reparar la democracia.
https://t.co/1byPlc4w3v"
76,2020-09-24 13:22,1309120958205222915,"¬°Felicidades Pando, la Perla del Acre! Nuestro joven departamento es tierra de Coraje, HONestidad, Tenacidad y Apertura, como su hijo ejemplar CHONTA Pinto. Abrazo pandinos queridos. https://t.co/qwKVeezOhy"
77,2020-09-24 05:43,1309005591009013760,"¬°Felicidades #SantaCruz, bella tierra de mi coraz√≥n! 
Llegu√© a esta tierra bendita de ni√±o, defend√≠ sus colores, hice amigos, me hice hombrecito, aprend√≠ de su pujanza y siempre agradec√≠ su generosidad. Ayer la recib√≠ otra vez, gracias siempre y gran abrazo este 24-septiembre. https://t.co/l6rhQ994CL"
78,2020-09-24 01:05,1308935646870933505,"Hoy 23-septiembre estaremos con @JimenaAnteloT, a las 21:30, en ""No Mentir√°s"". https://t.co/sQhZl88Lw4"
79,2020-09-23 23:53,1308917348783489024,"Gracias #SantaCruz por la primera caravana en veh√≠culo que funciona con bater√≠a de litio. Hoy las bater√≠as son importadas de Asia, nosotros fabricaremos en #Bolivia esas bater√≠as con litio boliviano, generando as√≠ decenas de miles de empleos. Llega la Bolivia Digital a bater√≠as. https://t.co/SUqrRpOK6F"
80,2020-09-23 12:58,1308752495984939008,"Ch√°vez prest√≥ dinero a #Bolivia, Evo rob√≥ ese dinero y lo entreg√≥ a un venezolano (Gill), que compr√≥ medios de comunicaci√≥n con NUESTRA plata. Corrupci√≥n gigantesca del Socialismo XXI. Gobierno de @JeanineAnez tiene obligaci√≥n de denunciar, enjuiciar y recuperar nuestro dinero. https://t.co/oI3zojCffQ"
81,2020-09-22 22:29,1308533916983349250,".@LaramaDavid del MAS asegura que entorno de @evoespueblo NO volver√° al poder.
@LuchoXBolivia es el jefe del entorno de Evo.
Conclusi√≥n: Choquehuanca anuncia la derrota, y segunda hu√≠da, de Luis Arce. https://t.co/bH5ARfqjDu"
82,2020-09-22 20:35,1308505168049311748,"Hace un a√±o @OscarOrtizA y @JeanineAnez denunciaron, con documentaci√≥n (https://t.co/Hiai9rzaxd), el entramado de tr√°fico de influencias del Chavista Carlos Gill en #Bolivia. Los ex-senadores son hoy gobierno, con la informaci√≥n de UIF deben intervenir y judicializar su denuncia. https://t.co/Nal8OK4G3H"
83,2020-09-22 16:59,1308450758032003073,"Testaferro Chavista saque√≥ #Bolivia, Gill y su cuadrilla compraron medios con nuestro dinero, cobraron publicidad, vendieron radares y equipos a precios siderales, y tomaron el FFCC. 
Conmigo: delincuentes procesados, Patria sin Chavismo y FFCC boliviano.
https://t.co/NzN3GEWLHj"
84,2020-09-22 16:12,1308439034700738566,"Once meses despu√©s del gigantesco fraude de Evo Morales, que √©l y su bancada reconocieron y anularon, la investigaci√≥n NO avanza. El informe de la OEA era vinculante y ten√≠a peritaje. Votar sin castigar el fraude pasado, es impunidad para que el MAS trate de repetirlo. https://t.co/jgAY4xl4Oz"
85,2020-09-21 15:26,1308065022430662656,"Mi agradecimiento a la juventud de #Bolivia, porque #Pititas en mano marcharon, tragaron gases, resistieron represi√≥n y expulsaron al tirano. Este 21 de septiembre, mi homenaje a la lucha de 21 dias, para liberar la Patria este siglo XXI. https://t.co/DtVoO4KbrI"
86,2020-09-21 15:21,1308063878161543169,"Mi homenaje a los m√©dicos bolivianos. Marcharon contra  el autoritarismo Masista y su c√≥digo penal arbitrario. Salvaron vidas, y sacrificaron las suyas, para combatir el virus. Mandiles blancos: s√≠mbolos de la democracia y la salud. Ni Evo, ni la pandemia, los pueden doblegar. https://t.co/ZcuDQWbZ1o"
87,2020-09-20 23:46,1307828510480887810,".@ANPBOLIVIA invit√≥ a un debate econ√≥mico el 14-Septiembre, aceptamos esa misma noche. Despu√©s de 15 a√±os sin debate democr√°tico, es una lastima que candidatos rechacen debatir. La ANP debe indicar qui√©nes aceptamos y qui√©nes se est√°n corriendo, por ""falta de inter√©s"". https://t.co/mujwfu1UgP"
88,2020-09-20 16:06,1307712842553012226,"Cajero de despilfarro Masista niega fraude electoral 2019. Arce: Evo Morales, el 10-Nov, pidi√≥ que se anule fraude, se convoque nuevas elecciones y elija nuevo TSE; bancada del MAS, el 24-Nov, aprob√≥ esta anulaci√≥n, nuevos comicios y validez del 21F. Por eso eres ahora candidato. https://t.co/lTB9nZCEFa"
89,2020-09-19 13:39,1307313453116387330,"Tabla del @TheEconomist recuerda el doloroso golpe infligido por el virus, excluyendo a dos estados peque√±√≠simos, #Bolivia es el 4¬∞ pa√≠s en decesos por habitante, camino al 3er lugar.
La pandemia pasar√°, pero 14 a√±os de abandono y gesti√≥n ineficiente, dejar√°n mucho dolor. https://t.co/Y0sk65ry3y"
90,2020-09-19 12:51,1307301353820225537,"RT @tutoquiroga: Luis Arce es o muy ignorante, o muy imprudente. Plantea moratoria de pagos a organismos, de los que  recibimos m√°s de lo q‚Ä¶"
91,2020-09-19 00:19,1307111973272911872,"Enorme cobard√≠a del fraudulento pr√≥fugo, solo se somete a la justicia desde el poder, cuando lo pierde...escapa.
Evo: estoy aqu√≠ enfrentando tu persecuci√≥n judicial de 15 a√±os. No seas pusil√°nime: vuelve ma√±ana a #Bolivia sin poder. 
Ten√≠as raz√≥n: eres un delincuente confeso. https://t.co/BwxUntFe79"
92,2020-09-18 20:42,1307057364265299968,"Luis Arce es o muy ignorante, o muy imprudente. Plantea moratoria de pagos a organismos, de los que  recibimos m√°s de lo que pagamos. 
√âl dej√≥ la econom√≠a en terapia intensiva, ahora quiere cortar el ox√≠geno que nos salva. Arce no entiende, o quiere reventar nuestra econom√≠a. https://t.co/8oRbpAxhBN"
93,2020-09-18 13:25,1306947330365706241,".@oppenheimera contundente: Correa y Evo Morales aprobaron normas y designaron jueces para criminalizar oposici√≥n, amordazar prensa y perpetuarse. Ahora, sus propios jueces, con sus propias leyes, les dan su medicina cuando buscan impunidad. https://t.co/9soKYJov0X"
