,polarity,text
0,0.0,carlos va a hacer un acuerdo otra vez
1,-0.25,había hecho que el pasado con don evo
2,0.0,morales para futuro ustedes me conocen
3,0.0,yo estoy en esta lucha no un año de un
4,0.016666666666666677,año y medio dos años de años toda la
5,0.0,vida quince años para recuperar
6,0.0,democracia garantizar libertad y evitar
7,-0.5,que la tiranía autoritaria corrupta y
8,-0.7142857142857143,ahora sabemos de grabada mente enferma
9,0.0,y nunca más al país
10,0.0,1
11,0.0,para que vean la información que hemos
12,0.0,hecho conocer a la corte electoral que
13,0.0,el sábado tuve sobre esta base
14,0.0,a ver la sede del tema de impuestos
15,0.0,gracia versus democracia el central a la
16,0.0,corte de cobardes mujeres pegado al de
17,-0.065,clark registra una carta muy larga que
18,0.7,ahora mostramos por qué es bueno que la
19,0.0,gente sepa esto hace diez años se ha
20,0.0,formado un oligopolio un cartel de
21,0.0,encuestadores donde para publicar y
22,0.0,diseminar información de qué estás
23,0.0,pensando tú tienes que esperar que te
24,0.0,digan lo que estás pensando
25,0.0,para que para que no me des con tus ojos
26,0.0,que no escuches con tus oídos que te
27,0.0,digan que lo que tú estás sintiendo en
28,0.0,el corazón pensando con la cabeza como a
29,0.0,través de empresas encuestadoras
30,0.0,registradas ante el estado fascista y
31,0.0,que solo vuelves ver discutir diseminado
32,0.0,compartir la información que autorizaba
33,0.5,evo morales y el más aquí puedes ver en
34,0.0,este cuadro lo que es
35,0.5,de la última encuesta en todos los
36,0.3181818181818182,últimos procesos electorales nueva
37,0.08333333333333333,primera no la segunda la tercera de la
38,0.0,última donde se supone que deben
39,0.0,aproximarse a la realidad del voto que
40,0.0,va a ser emitido ahí tienen las
41,-0.15,desviaciones promedio por empresa por
42,0.0,proceso electoral y ojo la desviación
43,0.0,cómo se la mide con cuál es el último
44,0.0,resultado que te muestran contra el
45,0.0,resultado final producto de la votación
46,0.0,y que pueden ver ustedes acá que verán
47,0.0,las desviaciones entre 26 28 hasta 50
48,0.0,por ciento no del 2% no el 3% sino entre
49,0.0,27 al 50 por ciento y este es de la
50,0.125,último que hicieron no de la primera de
51,0.0,la segunda de la tercera de la que te
52,0.0,muestra antes y donde ustedes saben bien
53,0.0,que había empresas que mostraban que el
54,0.18333333333333335,más ganaba en primera vuelta hasta el
55,0.0,fraude lo tenían encuestado con esto y
56,0.0,la desviación tiene que ver
57,0.0,no solamente la brecha de guardia
58,-0.525,teníamos una base no es decir no más
59,0.0,michael jordan es quizás es 18
60,0.25,centímetros más que bruto fiore y qué
61,0.0,tal si te dicen michael jordan mide unos
62,-0.5,setenta y tokio a 152 le fallaron
63,0.0,florecer cada brecha
64,0.0,tenían que mostrarte sobre todo cuando
65,0.8,la democracia dice que hay que ganar con
66,0.39285714285714285,más de 40 y 10 derecha tiene que
67,0.0,gustarte el número y el tamaño de
68,0.2,estatura real no la ven y ustedes vieron
69,0.0,el año pasado que encuestas decían que
70,-0.15555555555555559,si acababa de bajar y si sabemos los del
71,0.0,puente el resultado ni siquiera se
72,0.2,aceptaban a dos muy bien aquí si quieren
73,0.0,firmar sino no repuesto de muestra un
74,0.0,botón
75,0.0,teníamos información tenemos encuestas
76,0.0,bien hechas no para agrado para
77,0.0,congraciarnos voy al período para el
78,0.0,lunes y la voy a mostrar y si me quieren
79,0.0,inhabilitar team inhabilitar probidad
80,0.2857142857142857,tiene derecho a ser la verdad si hace 9
81,0.0,habilitado aquí vamos a estar
82,0.0,solamente que vuestro voto en el mes de
83,0.0,julio nosotros estábamos en 13%
84,0.0,alcanzamos segundo lugar y que te
85,0.0,buscaba 2% 2% 3% era parte es parte de
86,0.0,una estrategia inducida por ti tú solo
87,0.0,pueden diseminar aquella información que
88,0.0,proviene de empresas que se registran
89,0.5,con el estado fascista y más aún más más
90,0.16666666666666666,de este estrato que es la principal
91,0.0,preocupación de la gente la economía
92,0.2,cree que la crisis económica sí y por
93,0.0,eso hemos ganado los debates porque le
94,0.0,hemos dicho a la gente lo que necesita
95,0.0,saber no dulce de leche auricular para
96,0.0,la gente está sabe que hay crisis sabe
97,-0.225,muy bien la cosa muy difícil y sabe que
98,0.0,la única propuesta que salvó a la
99,0.0,economía que preserva a 650.000 enredos
100,0.0,que hace que las baterías
101,0.0,lo que entrega la propiedad de las
102,0.0,empresas bolivianos es la nuestra para
103,0.13636363636363635,generar 450 mil empleos nuevos y
104,0.0,preservar 650 mil empleos existentes
105,0.0,para garantizar estabilidad cambiaria
106,0.0,sin sobresaltos y estabilidad financiera
107,0.25,sin perder tus ahorros primer pósitos el
108,0.0,poder adquisitivo de tu jubilación de tu
109,0.0,sueldo es eso lo que le preocupa a la
110,0.0,gente y los que no tienen ni la
111,0.0,propuesta ni la respuesta ni la
112,0.0,capacidad ni el equipo tienen que tratar
113,0.0,de manipular el y de tratar de inducir
114,0.0,para ver cómo funciona eso y sólo desde
115,0.0,ejemplo a kant para que no digan que
116,0.0,estoy dando ser un resultado la
117,0.16666666666666666,principal preocupación de la economía en
118,0.0,julio
119,-0.5,la gente sabe algunos injustamente creen
120,0.0,que arce el cajero del desarrollo sabe
121,0.0,de economía ahora proponemos victorias
122,0.0,de deuda externa para mandar al país a
123,0.0,la quiebra y enterrar la economía que
124,-0.5,destrozó 14 años injustamente
125,0.0,inmerecidamente a la gente que los
126,0.0,valoran son muy por encima del resto
127,0.16666666666666666,entonces pregúntense si la principal
128,0.0,preocupación de la gente burgués mayo
129,0.0,subiendo es la economía es la crisis es
130,0.0,el empleo la única propuesta con la
131,0.2,la de libre 21 institución y entonces
132,0.0,porque te muestra esos resultados se
133,0.0,imaginan ustedes en un país que piense
134,0.0,que la economía del principado que tú
135,0.0,quieras de las respuestas y digan no no
136,0.0,voy a votar
137,0.0,es francamente el producto de lo que es
138,0.0,la manipulación y todo está en esta
139,0.0,última época
140,0.0,de cuadros sobre las encuestas lo que ha
141,0.0,hecho el tribunal electoral qué pena que
142,0.0,salgado romero hubiera entrado con el
143,0.13636363636363635,nuevo tc y hubiera mantenido al personal
144,0.0,que reparte del fraude utilizado y no
145,0.25,sólo pero más actas puede inducción del
146,0.0,tema de encuestas
147,0.0,él aprobó el tc arrow el 8 de julio un
148,0.0,sistema de encuestas telefónicas sin
149,0.0,bases de datos no lo voy a manejar pero
150,0.0,tú para ser una impuesta requiere es una
151,0.0,muestra representativa en el censo y el
152,0.0,padrón tiene la muestra representativa
153,-0.16666666666666666,mitad hombres ya mujeres distribución
154,0.0,etaria por edades por zonas o regiones
155,0.1,por ingreso por título profesional o no
156,0.0,armas una muestra que refleje número de
157,0.0,miles de encuestados lo que va a ser la
158,-0.4,votación del padrón donde está la base
159,0.0,de datos
160,0.0,llamas que adhirió por teléfono o este
161,0.0,celular está el nombre de mi esposa es
162,0.0,decir el de vida amigo puede estar a
163,0.0,nombre mío y de repente por vamos a
164,-0.15625,decir es varón
165,0.0,telefónica y no puede que no se cuenta
166,-0.5,con ella porque sería ilegal difundir y
167,0.0,el tc ha permitido que se haga esto sin
168,0.0,las bases de datos nunca ha aumentado
169,0.25,este primer cuadro que les mostré o la
170,0.08333333333333333,desviación profunda del sistema de
171,0.0,expuestas y ha mantenido y preservado
172,0.0,hay gente que se queja de que se
173,0.0,mantiene el padrón hay gente que se
174,-0.3,queja del sistema de distribución aquí
175,0.0,nosotros podemos demostrar que hubo un
176,-0.16666666666666666,sistema inductivo manipulado entre tema
177,-0.4,auditado ni corregido y peor aún en
178,0.0,sirte seguía manejando manejado ese
179,-0.125,tiempo lo utilice el otro en el debate o
180,0.0,el señor villalta como para navegar que
181,0.0,siga manejando esto el señor que
182,0.0,permitió hacer el fraude
183,0.0,y sigue seguía ahí y de observador
184,-0.1875,rovelo dice que lo mantiene un amiguito
185,0.0,de los encargados después el señor
186,0.7,robert wise al que tiene mucho que
187,0.0,rendirle cuentas al país que
188,0.0,supuestamente está esperando para tomar
189,0.0,el cargo y por eso no lo sueltan o no lo
190,0.0,sacan no renueven al señor villana sería
191,0.1,concebible que la señora charo principio
192,0.0,del tribunal electoral después del
193,0.0,fraude no y por qué sigue parte del
194,0.0,equipo que fue parte de este favor
195,0.0,debería que estar en salir y no servir
196,0.0,en el tribunal
197,0.5,electoral lo último otros
198,0.0,yo espero sé que viene una batería de
199,0.0,encuestas otra vez
200,0.20800000000000002,hubo debates después de 15 años altísima
201,0.0,audiencia gracias por el respaldo todo
202,-0.2,el mundo sabe qué pasó no está gratis
203,0.0,eso ya no puede tapar de repente se la
204,0.0,puede tapar el sol con un dedo y el
205,0.0,resultado de los debates la cámara y
206,0.0,para anticorrupción si la puesta a tacón
207,0.175,de dulce y arrogante fiebre sólo con
208,0.0,los debates cuando el día de la subida
209,0.0,del pib
210,0.0,boliviano bolivian te van a mostrar una
211,-0.1875,encuesta del sábado dominó nada más
212,0.0,pregunta cuando se hizo pública nada más
213,0.0,que eso no sí estaba registrada con el
214,0.0,listado no cuanta planta gran nuestra
215,0.0,empresa en contratos con el estado no
216,0.0,falta de ética hay dueños de medios que
217,0.0,son jefes de campaña de comunidad se
218,0.0,levanta como el dueño de página 7 está
219,0.2857142857142857,bien y tiene derecho porque no tiene
220,0.2857142857142857,derecho de usar el medio para hacerte
221,0.0,creer cosas de frente
222,0.0,por la gente se da cuenta y nada más que
223,0.0,cuando publique el pregunta el trabajo
224,0.0,de campo o la fecha de publicación
225,0.0,cuando sea consultar supuestamente sin
226,0.0,base de datos
227,0.0,después del debate les voy a mostrar el
228,0.0,próximo y yo sé lo que está pasando y
229,0.0,josep tabla para por nuestra y yo sé que
230,0.0,viene el batacazo
231,0.0,vamos a seguir camino carrera con esto
232,0.0,que van a mostrar y nada más el último
233,0.5,punto acá pregúntate si el más manipuló
234,0.0,certificado y verificado por la ve a
235,0.0,miles de actas y en cada acta había 150
236,0.0,180 votos es manipular un servidor junto
237,0.0,con las actas fraguadas centenares de
238,0.0,miles de votos con enorme poder
239,0.2,económico
240,0.0,con la pata que él mismo se está
241,0.0,mostrando ser que robo pregúntate si
242,0.16,puedes manipular y para fraguar altas
243,0.0,que representan cientos de miles de
244,0.10000000000000002,votos claro que puede manipular una
245,0.0,encuesta de mil de 1500 de los mitos del
246,0.13333333333333333,poder económico que hay acá atrás es muy
247,0.10714285714285714,grande brasileños empresas chinas
248,0.1,testaferros de maduro que subte maduro
249,0.6,que son dueños de canales acá no tienen
250,0.2,mucho que predecir llegar tuto quiroga
251,0.0,de repente con otro se han acomodado
252,0.0,conmigo no lloro con trans o ninguna
253,0.0,noria de evo morales y con el testaferro
254,0.1,de maduro la dirección de mi cama
255,0.0,2
256,0.0,pero que la manipulación todos vieron
257,0.0,que el debate viene a ser titulares y
258,0.2,gracias a las dos personas que han
259,0.2,avisado que estaba todo preparado para
260,0.0,hacer una llamada y de siempre
261,0.0,ni la familia de carlos meza cree esto y
262,0.0,la familia
263,0.0,pero pero mire a lo que se publica hemos
264,0.0,preguntado a los amigos de carlos meza y
265,0.0,los amigos de la mesa tuvieron que decir
266,0.0,que lo publica como noticia y llevar a
267,0.0,publicar la respuesta diciendo lo que
268,0.0,estás pensando
269,0.0,ese es el grado de inducción que se está
270,0.0,viendo en ese momento esto es titular lo
271,0.0,pueden buscar hacer google del día
272,0.0,siguiente de los cervantes
273,0.5,nada más pregunten a los amigos más que
274,0.0,los compañeros
275,0.0,aquí esta opinión del siguiente
276,0.0,encuestas lejos de la realidad
277,0.0,el artículo de opinión pública respecto
278,0.0,a esto sobre la investigación que ahora
279,0.25,es demostrado y el primer cuadro que les
280,0.5,mostré es el resumen de muchos años para
281,0.0,que vean todo lo que fueron las
282,0.0,desviaciones de lo que está pasando con
283,0.0,las con las encuestas aquí está el deber
284,0.0,de ubiría 3 quitado noticias
285,-0.3,al menos 30 personas no operan en el
286,0.0,fraude sistema paralelo en el grado de
287,0.0,manipulación que les decía de centenares
288,0.0,de miles de votos por estar
289,0.3333333333333333,tremendamente manipulado y manipulada
290,-0.25,un número pequeño de muestras con
291,0.0,empresas que tienen contratos
292,0.0,millonarios con el estado y empresas que
293,0.0,están difundiendo encuestas y los medios
294,0.0,que se prestan que tienen contratos de
295,0.0,varios centenares de miles de dólares
296,0.0,con el estado fascista
297,0.0,si yo estaría pagando a centenares de
298,0.0,miles de dólares que no los tengo ni me
299,0.0,voy a hacerlo para que hay una encuesta
300,0.0,que se diseminen les aseguro que ustedes
301,0.0,verían en la encuesta tuto quiroga es
302,0.10000000000000005,bad beat y pudieron agregar fútbol mejor
303,0.0,que lionel messi barcelona lo quieren
304,0.0,comprar para reemplazar los cuento acaso
305,0.0,soy mi corazón y aunque le pase también
306,0.0,por encima sería sería cobrar mil
307,0.0,barcelona no voy a jugar nunca pero ese
308,0.0,es el poder inductivo sin coca cola paga
309,0.0,la encuesta preguntando quién es el
310,1.0,mejor refresco
311,0.25,ustedes saben perfectamente a dónde van
312,0.0,y ahí está
313,0.0,todo un esquema internacional de
314,0.0,injerencia
315,0.0,para manipular tu voto tu crees que lo
316,0.0,hiciste para manipular el sistema de
317,0.0,encuestas y dicho sea de paso aquí está
318,-0.125,el otro que hicieron el señor arse
319,0.0,sabemos que el cajero del descargo
320,0.0,sabemos que permitió que pesar en 4.500
321,0.0,dólares del bolsillo de cada ciudadano
322,0.5,para que el más haga palacios james el
323,0.0,control y todo lo que se les ocurre que
324,0.0,quemó las reservas internacionales para
325,0.0,que ahora les sigue viniendo como faraón
326,0.0,pero ahora sale que es algo no se
327,0.0,recorte porque escapó el 6 de diciembre
328,0.0,y va a volver a escapar si no se
329,-0.2,tuvieron en el debate destruyen el
330,-0.4,rastro de tartamudear el pobre estado
331,0.5,titulado de nervioso y va a poder
332,0.0,escapar abrazaremos porque está nervioso
333,0.0,lo persigue su conciencia se fue el 6 de
334,0.0,diciembre a méxico va a volver a escapar
335,0.0,no sólo permitió que se respalde la
336,0.0,economía boliviana
337,0.0,latrocinio de 14 años sino que
338,0.0,a su cuenta personal plata de los
339,0.0,indígenas dinero de los funcionarios
340,0.0,públicos transferencias de empresas
341,0.2857142857142857,transnacionales petroleras con razón
342,0.0,desde volvió 10 mil 500 millones de
343,0.0,dólares en 14 años y a costos
344,0.0,recuperables se imagina el escándalo que
345,0.0,hubiese si salven que un candidato roban
346,0.0,a los indígenas del fondo indígena a los
347,0.0,funcionarios públicos van der nos nos
348,0.0,extorsiona para que el bocan planta en
349,0.0,su cuenta y que salga que tienes dinero
350,0.0,transferido de una cuenta de una empresa
351,0.037500000000000006,petrolera de extranjero y quiere ser
352,0.0,presidente de bolivia y ahí sabemos cuál
353,0.0,es la desesperación y cuál es el grado
354,0.0,de manipulación al que quieren llegar el
355,0.5,término con dos cuadros más aquí
356,0.0,que debe olvidarse
357,0.0,que va a haber conducción si el
358,0.0,resultado electoral no va lo que dicen
359,0.0,las encuestas
360,0.0,ahí está la vinculación
361,0.0,luis arce a nombre ver tirando producto
362,0.0,te advierte que el resultado tiene que
363,0.0,salir como patrón pues todas las
364,0.0,encuestas que están sacando porque si no
365,0.0,así en conclusión el bloque ángelus y
366,0.0,que no te generan anarquía entonces
367,0.0,humedades aprobar con fraude de las
368,0.0,encuestas que estoy manipulando o algo
369,0.0,golpe en las calles después eso es un
370,0.0,chantaje machista inaceptable
371,0.5,conmigo no sucede conmigo no van a poder
372,0.0,yo saben y me conocen yo le recordé 80
373,0.0,por ciento es cocaína de chapa de jordi
374,0.0,transmutar butano yo me arreglo lina
375,0.0,como no voy a dejar que nuestros hijos
376,0.0,queden contaminados por la cocaína para
377,0.13636363636363635,convivir con un grupo de personas
378,-0.8,violentas que quieren bloquear el país
379,0.0,sí no
380,0.0,[Aplausos]
381,0.0,en los últimos dos meses
382,0.4,rectificó ratificó que ha hecho una
383,0.0,compresa y ha provisto estado pero se
384,0.0,dice acá se señala que quiere ser
385,0.0,acuerdo con evo morales cuando fue
386,0.0,presidente por la divinidad que tenía
387,0.0,bisabuelos molecular la y recibió
388,0.0,amnistía el cato de coca en el chapare
389,0.2,yo lo tanto es ir muy bien ahora dice
390,0.0,que va a representar una alternativa
391,0.10000000000000002,claro si es que van a pagar hay cables
392,0.0,internacionales que dicen que va a ser
393,0.25,más a morales ya salió su jefe de
394,0.0,campaña ha dicho quién va a ser
395,0.0,presidente
396,0.0,pongamos o sea el acuerdo porque él aquí
397,0.0,debatimos del sábado y el enviar cambió
398,0.0,cuatro veces de posición en la mañana
399,0.4,estaba confirmado podrías debate del
400,0.0,domingo en la noche después había
401,0.0,rechazado después titulaba y una noche
402,0.0,apareció
403,0.7,y para quedar bien con camacho y su
404,0.0,gente tuvieron que decir que una
405,0.0,decisión de regalo para su presidente
406,0.0,cambiado residentes asiste a un debate
407,0.0,si usted y yo
408,0.0,ah
409,0.0,yo me conoce
410,0.0,konerko morales jamás habrá acuerdo con
411,0.0,bolivia
412,0.0,[Aplausos]
413,0.0,no dejes que te diga que el margen de
414,0.0,error después es porque no estamos
415,0.0,después de delante caramba que la hora
416,0.0,ya estaba a favor de tú te vas a contar
417,0.0,toda clase de cuentos no van a saber de
418,0.0,qué disfrazarse que un margen de error
419,-0.125,que había mucho indeciso y demás miedo
420,-0.0625,la otra la última parte de la
421,0.0,manipulación que seas es decir hay 30
422,0.0,por ciento de indecisos y asignar una
423,0.0,cuota parte de ese 30 por ciento de
424,0.0,indecisos al movimiento al socialismo
425,0.0,pero si una persona después de una
426,0.0,relación matrimonial matrimonios a de 14
427,0.0,años se divorcian puede estar indecisa
428,0.0,la persona sobre si volver a casarse o
429,0.0,con quién volverá a casarse pero no
430,0.0,sobre retornar cuando la persona de la
431,0.0,que se divorció después de 14 años sin
432,0.0,embargo demuestra que esa proyección
433,0.0,también es parte de
434,0.0,y yo sé que encuestas que van a decir y
435,0.0,con todo cariño al gobierno el de hacer
436,0.0,5.000 encuestas de un día
437,0.0,metodológicamente el evento
438,0.0,hace 25 años estamos a hacer mil
439,-0.0625,encuestas cada dos días durante diez
440,-1.0,días terrible para atender se está
441,0.005555555555555536,subiendo y está bajando particularmente
442,0.0,cuando el rectorado es porque nosotros
443,0.0,sí estamos trabajando de esa manera y si
444,0.0,le vamos a mostrar eso al país entonces
445,0.0,usted demuestra su manipulación yo
446,0.0,demostraré con la verdad y finalmente te
447,0.0,pido a ti que sabe lo que está pasando
448,0.0,este sistema de manipulación que se ha
449,0.3,visto de bellver éxito y se ha visto el
450,0.0,corazón bien en otros lugares no es para
451,0.0,robarme a mí
452,0.0,yo quiero ser presidente de política
453,0.0,para salvar la economía recuperada y que
454,0.0,nunca más en mi patria
455,0.0,[Aplausos]
456,0.0,empieza
457,0.2,te quiere robar a ti te quiere encarnar
458,0.0,a ti porque las consecuencias del tiempo
459,0.0,que todos nosotros
460,0.0,entonces eso es lo que quería mostrar
461,0.0,compartir y pedir a la gente que si
462,0.0,quieres votar por el miedo
463,0.0,con la consigna utilitaria de para que
464,0.5,no sea el más ahora que sea cualquier
465,0.0,otro no te conformes con cualquiera
466,1.0,buscar lo mejor busca el proyecto que te
467,0.0,puede dar la respuesta que te salva la
468,0.0,economía que te preserva el bolsillo que
469,0.0,te cuida el empleo que te asegura que
470,0.0,bolivia nunca pasó de ser un satélite de
471,0.0,padrinos caribeños y esa cuadrilla
472,-0.4,criminal de venezolanos y cubanos
473,0.0,si quieres transformador líneas de
474,0.0,verdad salvando del colombiano aquí
475,0.0,estamos
476,0.16666666666666666,si quieres conformarte con otro mayor
477,0.0,conformarte con el de cualquier posible
478,0.1875,al werder más hay otras opciones porque
479,-0.125,te vas a conformar con cualquier otra
480,-0.1875,cosita tú has visto los debates tú sabes
481,0.0,lo que estaba pasando tú sabes que tiene
482,0.0,dos propuestas sabes quién tiene la
483,0.0,capacidad y yo estoy en esto porque
484,0.0,estoy agradecido con mi padre
485,0.0,soy un cochabambino que creció en santa
486,0.0,cruz que vive en la paz
487,0.0,y le doy mi vida a esta causa y bolivia
488,0.0,me ha preparado para responder a
489,0.26666666666666666,dificultades económicas porque las super
490,-0.25,sortear en el pasado
491,0.0,bolivia me ha ayudado a enfrentar a la
492,0.0,tiranía venezolana igual entonces si
493,0.0,quieres salvar la economía hoy aquí es
494,0.0,pero si quieres recuperar la democracia
495,0.0,hoy para siempre aquí estoy y estamos de
496,-0.2916666666666667,pido que votes con fuerza con gente con
497,0.8,ganas con fe o por miedo no utilitario o
498,0.2,responsable
499,0.0,[Aplausos]
500,0.0,0
501,0.0,si hubiera si no hubiera sido por toda
502,0.0,la manipulación ya estaba garantizado
503,0.0,segundo que hace el acto porque si tú
504,0.0,ves publicado todo el día que la ley de
505,0.0,la gravedad no aplica podría mucha gente
506,0.0,pero deben ser si publican una y otra
507,0.0,vez que la ley de gravedad nuestra
508,0.5,vigente política es porque está bien y
509,0.0,te vas a estrellar y entiendo que tengo
510,0.0,que conseguir
511,0.25,estoy consciente de la novedad vino a mí
512,0.0,de aquí porque la constitución dice que
513,0.2,el voto es individual libre e informado
514,0.0,no tendré baño digital manipulado están
515,0.0,buscando hacer ahora entonces por eso
516,0.0,estoy aquí por eso siga hablando y nada
517,0.5,más de muestra basta un botón
518,0.0,todos saben que ha pasado prestado del
519,0.0,domingo en los debates y por eso no
520,0.0,querían puestos estábamos terminando
521,0.0,porque todos los conocemos y todos
522,0.5,sabemos quién podrá probar la economía y
523,0.4333333333333333,gente y que puede dar respuestas firmes
524,0.0,para rescatar la democracia y 15 marco
525,-0.15,real y asusta no por eso yo le pido a la
526,0.0,gente que no nos dejemos utilizar un
527,0.0,manipular cómo se van tenemos que votar
528,0.15000000000000002,consciente y responsable para salvar
529,0.0,bolivia himno que nos deben de un lugar
530,0.0,a otro eso ha sido parte del sistema de
531,0.0,manipulación e inducción y el voto que
532,0.0,estudió y fíjense la contradicción
533,0.21428571428571427,promos grandes grupos de amigos juntas
534,0.0,de vecinos gremios
535,0.35,casi todos queremos votar por ti muchos
536,0.0,queremos votar por ti pero veo los
537,0.2,medios y dice que nadie quiere votar por
538,0.0,ti turinés esa contradicción entonces te
539,-0.15555555555555559,están diciendo pienses apaga tu cerebro
540,0.0,para morgan y que vamos a llevar para
541,0.0,allá y aunque a la gente decir la verdad
542,0.2,lo que viene es durísimo en la parte
543,0.2,económica yo lo hizo la verdad es tener
544,0.0,a morir yo diría ustedes ven a varios
545,0.0,copiando las propuestas pueden copiar
546,0.43333333333333335,copy-paste es fácil hacer lo que yo les
547,0.0,propuesta donde no puede copiar ni
548,0.0,replicar en la capacidad de experiencia
549,0.0,de equipo y las mesas
550,0.0,[Aplausos]
551,0.0,pero la realidad es bien sencilla quién
552,0.7,puede salvarle con bien y garantizar el
553,0.5,más no por la más esto tuvieron quien
554,0.0,puede después de seis años escribir el
555,1.0,mejor libro
556,0.0,[Aplausos]
557,0.0,cómo analiza a una semana
558,0.0,cada uno vive todas sus decisiones la
559,0.0,presidenta antes yo lo dije con mucha
560,-0.05,pena que fue un error garrafal histórico
561,0.0,ella tenía cabeza historias morales se
562,0.0,lo dije
563,0.0,este año
564,0.0,y le dije que era un error y va a
565,0.2,generar ingobernabilidad y hacer muy
566,-0.5,difícil del tratamiento de la
567,0.0,del quehacer institucional dicho y hecho
568,-0.07500000000000001,casi pasó que iba a ser víctima de san
569,0.5,judas persecuciones dicho y hecho más
570,0.0,invasor ella había sido desechada por un
571,0.0,proyecto no estado ni siquiera el
572,0.0,parlamento quisieron usar la gente para
573,0.0,acomodarse para salvar siglos
574,0.15,normalmente que ella responda a los
575,0.0,desafíos históricos haciendo historial
576,0.0,sin colecciones manejando la transición
577,0.0,y atendiendo el coronavirus es un error
578,0.0,el que hubiera buscaba hacer campaña yo
579,0.0,le dije en europa misma posición que
580,0.0,sostengo ahora que sus estudiantes y
581,0.0,ustedes recuerdan que generosa con
582,0.0,vídeos un documento fijando mi posición
583,0.0,sobre esto porque a diferencia de autos
584,0.0,bolivianos yo como siempre puse la cara
585,0.0,en la vela y el mercosur y señal de club
586,0.0,o sucesión constitucional y no sólo
587,0.0,porque conocen tirano prófugo evo
588,0.10000000000000002,morales por eso tenía que dejar claro de
589,0.5,que como muchos publicanos yo también
590,0.8,fui ganar o si se quiere me dijeron una
591,0.6,versión propia porque fui a decir el
592,0.0,único objetivo la única visión de la
593,0.0,transición
594,0.0,y por eso puede proponer vuelvo a decir
595,0.0,a la reelección presidencial inmediata
596,0.0,es veneno para la democracia la perdimos
597,0.0,18 años del 64 la perdí mis 14 años
598,0.0,neutrales y se empañó la transición por
599,0.0,la reelección presidencial inmediata voy
600,0.0,a cambiar la constitución para eliminar
601,0.0,nunca más varones y perros y luego voy a
602,0.0,hacer por convicción y lo voy a hacer
603,0.0,porque la semana pasada lunes martes y
604,0.0,miércoles y exento al tirano de honor
605,0.0,antes en la corte de san josé pues de
606,0.0,serviberia peregrinar por todo el mundo
607,0.0,tardé siete años pero si lleva lágrima
608,-0.2,ni el no me canso y no ve ring y me fui
609,0.0,a la cdh estaba insulsa me peleé con
610,0.0,insulsamente de con almagro con narrado
611,0.0,con el ebook que brasil no ayudó
612,0.0,finalmente colombia elevó la opinión
613,0.0,consultiva ante la corte de san josé
614,0.0,ramón mestre si un mil cuatro veces
615,0.0,haber un residente duque en gracia el
616,0.0,presidente duque le llevamos las firmas
617,0.0,de las valerosas plataforma
618,0.0,de gracia que llevo aquí también para
619,0.0,recoger gracia y cuestionando camacho
620,0.0,siempre hay que reconocer a los de
621,0.0,trabajar para recolectar las firmas y
622,0.0,colombia vio que éste no era un capricho
623,0.0,el título que era una aspiración
624,0.0,societaria bolivia dijo no queremos que
625,0.0,se respete nuestro voto y los el vamos a
626,0.0,corporales en la corte de san josé 5 un
627,0.0,ciudadano docente ante la corte de san
628,0.0,josé para que se ratifique por siempre y
629,0.0,para siempre el bolivia dijo no deporte
630,0.0,el presidente y miles de artículos que
631,0.0,evo morales resto por su corrupción su
632,0.0,narcotráfico su exterminio porque 'no lo
633,0.0,exigen y su depravada vergonzosa
634,0.0,inmoralidad ante la justicia nacional e
635,0.0,internacional conmigo que esa betis
636,0.0,historia el presidente no va a estar
637,0.0,agazapado la frontera esperando que pasa
638,0.0,para estar en un escondido según
639,0.0,garantizó el saben y yo no sé también
640,0.0,porque él es cobarde y yo sé que eso va
641,0.0,río ha prestado su justicia su
642,0.0,persecución 14 años por los días el
643,0.0,bando 24 escobar haber tirado y por eso
644,0.0,ahora
645,0.0,de la hoya y de lo que dijo el cobarde
646,0.0,dijo
647,0.4,si ganamos vuelvo a la liga no hay que
648,0.0,condicionar de que vamos de estar aquí
649,0.0,entrenando por la parte solamente si
650,0.0,tengo impunidad no lloro enfrentado
651,0.0,todos los días hace 7 años que me tiene
652,0.0,corretearon inicial dicho sea de paso
653,0.0,presidenta ni ustedes gobierno de
654,0.0,transición porque usted mantiene las
655,0.0,acusaciones de la pantalla del banquillo
656,0.0,contrato tuyo gas del cajero de test
657,0.0,para autorizar se han visto las máquinas
658,0.0,también él y su esposa levantó lyon se
659,0.0,sacaron plata de los empleados el de
660,0.0,sentencia por difamación cuando denuncie
661,0.0,la corrupción de arce del bandoneón
662,0.0,nivel nacional y si no ha iniciado y si
663,0.0,bien viciado bubble bando actual como el
664,0.0,señor marco isla ministro de señora ya
665,0.0,mí me presidenta por pero sigue haciendo
666,0.0,y porque seguimos con yacimientos y
667,0.0,lejía y enjuiciando y persiguiendo a
668,0.0,otro cultivo alternativo y así no voy a
669,0.0,llorar pero nada más preguntó por qué
670,0.0,mantener vigentes esa patán y amorales
671,0.0,el tirano prófugo y siga hablando y
672,0.0,cuando vuelves a responder ante la
673,0.0,justicia
674,0.0,evo morales deja de hacernos pasar
675,0.0,vergüenza porque en otras partes del
676,-0.6,mundo tiene miedo de invitarme por favor
677,0.0,que te vayas a la quinceañera
678,0.0,luego
679,0.3499999999999999,bien
680,0.8,Senador Estadounidense Bernie Sanders: Le tengo un gran respeto como líder electo
681,0.0,"con millones de partidarios en su país, pero no puedo quedarme callado mientras usted defiende,"
682,0.0,ayuda e incita a un tirano como Evo Morales de manera incondicional y repetida.
683,0.0,"Nuestra Constitución Boliviana limita a los presidentes a una reelección y dos mandatos,"
684,-0.30000000000000004,"al igual que en Estados Unidos. Pero Evo forzó
un fallo en 2013, de sus jueces dóciles,"
685,0.0,"para permitirse un tercer mandato. En 2016
llamó a referéndum para conseguir uno adicional,"
686,0.0,"el pueblo Boliviano votó NO. Luego presionó
por otro fallo, estableciendo que la reelección"
687,0.09523809523809523,"indefinida era un ""derecho humano"" de la OEA,
y se postuló para un CUARTO mandato."
688,0.0,"En las elecciones del año pasado, Evo y su
gente falsificaron firmas, alteraron las actas,"
689,0.0,"los muertos votaron y cuando eso no fue suficiente
... detuvo el conteo rápido y montó servidores"
690,0.16666666666666669,ocultos para modificar más actas.
691,0.05,"Los jóvenes aca, como los jóvenes que se
presentan en sus mítines en Estados Unidos,"
692,0.0,"salieron en masa para defender nuestra democracia
en las calles de Bolivia."
693,0.0,"La auditoría irrefutable de la OEA, que Evo
había pedido y aceptado como VINCULANTE,"
694,0.0,"demostró que la elección fue amañada. El
10 de Noviembre anuló el fraude y convocó"
695,0.13636363636363635,"a nuevas elecciones con un nuevo Tribunal
Electoral. Luego huyó a México."
696,0.25,"Catorce días después, los representantes
en el Congreso de Evo, con más de 2/3 del"
697,0.125,"Parlamento actual, aprobaron UNÁNIMAMENTE
la ley que hizo exactamente lo que pidió,"
698,0.0,"y ratificó la validez constitucional de solo
dos mandatos presidenciales."
699,0.13000000000000003,"Es muy claro: fue un fraude, no un golpe.
De hecho es Evo Morales quien perpetró un"
700,-0.15000000000000002,"golpe de Estado en cámara lenta a lo largo
de los años, siguiendo el manual diseñado"
701,0.0,por su amigo Maduro en Venezuela.
702,0.0,"El dinero del petróleo chavista ha financiado
a académicos y ""pensantes"" en su país para"
703,0.03333333333333333,"defender la completa aniquilación de Venezuela, donde nunca tan pocos, con tanto poder, durante"
704,0.025,"tanto tiempo, han destruido completamente la democracia"
705,0.1875,y exterminado la economía de un país tan rico.
706,0.0,"Estos mismos ""académicos"" sugieren que, ""estadísticamente"","
707,0.0,Evo podría haber ganado las elecciones Bolivianas del año pasado sin fraude.
708,-0.0625,"Señor, con el debido respeto, una moneda
lanzada cinco veces puede caer cinco veces seguidas en ""cruz"";"
709,0.0,esto puede suceder estadísticamente una vez cada 32 veces que se repite este ejercicio.
710,0.0,"Pero si la moneda está amañada y tiene ""cruz"" en ambos lados,"
711,0.0,"será ""cruz"" cada vez, si la lanza una o mil veces."
712,0.0,"En mis días como ingeniero de sistemas de IBM, aprendí un hecho simple: basura entra, basura sale."
713,0.0,"La basura, disfrazada de análisis académico para defender el fraude, sigue siendo basura,"
714,0.0,incluso si se publica en medios de comunicación respetados.
715,0.5,"Hay muchas críticas bien fundadas sobre el
gobierno de transición en mi país,"
716,0.5,"he expresado muchas,"
717,-1.0,"pero no se deben utilizar para defender
a Evo Morales, un autócrata despiadado"
718,0.15000000000000002,"que amordazó a la prensa libre, criminalizó
a la oposición, cerro instituciones, protegió"
719,0.0,"la cocaína, violó la Constitución, desautorizó
los resultados de un referéndum vinculante"
720,0.0,"y cometió un fraude electoral masivo. Desde un punto de vista moral,"
721,0.0,"la depravación personal del expresidente es indefendible,"
722,0.5,"muchos preguntan: si aparecerá, en Netflix,"
723,0.13636363636363635,"en una nueva temporada de las series televisivas de ""Narcos"" o ""Jeffrey Epstein""."
724,0.0,"Cuando los Bolivianos huían al exilio, de
la persecución de Evo, el repetia una frase:"
725,-0.4,"""el que se escapa es un delicuente confeso"".
Lo hizo, lo es."
726,0.25,"Estoy seguro de que si un presidente de EE.UU. Buscara un cuarto mandato consecutivo,"
727,0.0,"mientras manipula el sistema de votación
por correo, usted también, señor,"
728,0.0,"Senador Sanders estaria en las calles de EE. UU.,"
729,-0.4,"""Pitita"" a mano, gritando ""nadie se cansa, nadie se rinde""."
730,0.55,""", marchando por elecciones libres y justas,
por el respeto de la Constitución, por la"
731,0.0,democracia y contra el fraude.
732,-0.5,"Lamento que sigas entrometiéndote en los
asuntos Bolivianos una y otra vez,"
733,0.0,"mientras abrazas a los tiranos latinoamericanos. No
quiero entrometerme,"
734,0.10000000000000002,"pero está claro que tiene la intención de golpear a Almagro, a la OEA y a mi país,"
735,0.0,"para intentar sumar puntos contra sus oponentes Republicanos y reavivar su juventud,"
736,0.5,"pero eterno, enamoramiento de Castro. Bueno, no podrá intimidar a Bolivia,"
737,0.0,"pero puede entregar Florida a sus oponentes, nuevamente. Explíquele eso a su partido politico."
738,1.0,"Bendiciones para usted y su maravillosa familia,
de todos los Bolivianos que viven en libertad."
