,original,translated
0,carlos va a hacer un acuerdo otra vez,
1,había hecho que el pasado con don evo,
2,morales para futuro ustedes me conocen,
3,yo estoy en esta lucha no un año de un,
4,año y medio dos años de años toda la,
5,vida quince años para recuperar,
6,democracia garantizar libertad y evitar,
7,que la tiranía autoritaria corrupta y,
8,ahora sabemos de grabada mente enferma,
9,y nunca más al país,
10,cuántos cuadros,
11,1,
12,para que vean la información que hemos,
13,hecho conocer a la corte electoral que,
14,el sábado tuve sobre esta base,
15,a ver la sede del tema de impuestos,
16,gracia versus democracia el central a la,
17,corte de cobardes mujeres pegado al de,
18,clark registra una carta muy larga que,
19,ahora mostramos por qué es bueno que la,
20,gente sepa esto hace diez años se ha,
21,formado un oligopolio un cartel de,
22,encuestadores donde para publicar y,
23,diseminar información de qué estás,
24,pensando tú tienes que esperar que te,
25,digan lo que estás pensando,
26,para que para que no me des con tus ojos,
27,que no escuches con tus oídos que te,
28,digan que lo que tú estás sintiendo en,
29,el corazón pensando con la cabeza como a,
30,través de empresas encuestadoras,
31,registradas ante el estado fascista y,
32,que solo vuelves ver discutir diseminado,
33,compartir la información que autorizaba,
34,evo morales y el más aquí puedes ver en,
35,este cuadro lo que es,
36,de la última encuesta en todos los,
37,últimos procesos electorales nueva,
38,primera no la segunda la tercera de la,
39,última donde se supone que deben,
40,aproximarse a la realidad del voto que,
41,va a ser emitido ahí tienen las,
42,desviaciones promedio por empresa por,
43,proceso electoral y ojo la desviación,
44,cómo se la mide con cuál es el último,
45,resultado que te muestran contra el,
46,resultado final producto de la votación,
47,y que pueden ver ustedes acá que verán,
48,las desviaciones entre 26 28 hasta 50,
49,por ciento no del 2% no el 3% sino entre,
50,27 al 50 por ciento y este es de la,
51,último que hicieron no de la primera de,
52,la segunda de la tercera de la que te,
53,muestra antes y donde ustedes saben bien,
54,que había empresas que mostraban que el,
55,más ganaba en primera vuelta hasta el,
56,fraude lo tenían encuestado con esto y,
57,la desviación tiene que ver,
58,no solamente la brecha de guardia,
59,teníamos una base no es decir no más,
60,michael jordan es quizás es 18,
61,centímetros más que bruto fiore y qué,
62,tal si te dicen michael jordan mide unos,
63,setenta y tokio a 152 le fallaron,
64,grotescamente y te van a decir a,
65,florecer cada brecha,
66,tenían que mostrarte sobre todo cuando,
67,la democracia dice que hay que ganar con,
68,más de 40 y 10 derecha tiene que,
69,gustarte el número y el tamaño de,
70,estatura real no la ven y ustedes vieron,
71,el año pasado que encuestas decían que,
72,si acababa de bajar y si sabemos los del,
73,puente el resultado ni siquiera se,
74,aceptaban a dos muy bien aquí si quieren,
75,firmar sino no repuesto de muestra un,
76,botón,
77,teníamos información tenemos encuestas,
78,bien hechas no para agrado para,
79,congraciarnos voy al período para el,
80,lunes y la voy a mostrar y si me quieren,
81,inhabilitar team inhabilitar probidad,
82,tiene derecho a ser la verdad si hace 9,
83,habilitado aquí vamos a estar,
84,solamente que vuestro voto en el mes de,
85,julio nosotros estábamos en 13%,
86,alcanzamos segundo lugar y que te,
87,buscaba 2% 2% 3% era parte es parte de,
88,una estrategia inducida por ti tú solo,
89,pueden diseminar aquella información que,
90,proviene de empresas que se registran,
91,con el estado fascista y más aún más más,
92,de este estrato que es la principal,
93,preocupación de la gente la economía,
94,cree que la crisis económica sí y por,
95,eso hemos ganado los debates porque le,
96,hemos dicho a la gente lo que necesita,
97,saber no dulce de leche auricular para,
98,congraciarnos con su virus,
99,la gente está sabe que hay crisis sabe,
100,muy bien la cosa muy difícil y sabe que,
101,la única propuesta que salvó a la,
102,economía que preserva a 650.000 enredos,
103,que hace que las baterías,
104,lo que entrega la propiedad de las,
105,empresas bolivianos es la nuestra para,
106,generar 450 mil empleos nuevos y,
107,preservar 650 mil empleos existentes,
108,para garantizar estabilidad cambiaria,
109,sin sobresaltos y estabilidad financiera,
110,sin perder tus ahorros primer pósitos el,
111,poder adquisitivo de tu jubilación de tu,
112,sueldo es eso lo que le preocupa a la,
113,gente y los que no tienen ni la,
114,propuesta ni la respuesta ni la,
115,capacidad ni el equipo tienen que tratar,
116,de manipular el y de tratar de inducir,
117,para ver cómo funciona eso y sólo desde,
118,ejemplo a kant para que no digan que,
119,estoy dando ser un resultado la,
120,principal preocupación de la economía en,
121,julio,
122,la gente sabe algunos injustamente creen,
123,que arce el cajero del desarrollo sabe,
124,de economía ahora proponemos victorias,
125,de deuda externa para mandar al país a,
126,la quiebra y enterrar la economía que,
127,destrozó 14 años injustamente,
128,inmerecidamente a la gente que los,
129,valoran son muy por encima del resto,
130,entonces pregúntense si la principal,
131,preocupación de la gente burgués mayo,
132,subiendo es la economía es la crisis es,
133,el empleo la única propuesta con la,
134,credibilidad el equipo la capacidad es,
135,la de libre 21 institución y entonces,
136,porque te muestra esos resultados se,
137,imaginan ustedes en un país que piense,
138,que la economía del principado que tú,
139,quieras de las respuestas y digan no no,
140,voy a votar,
141,es francamente el producto de lo que es,
142,la manipulación y todo está en esta,
143,última época,
144,de cuadros sobre las encuestas lo que ha,
145,hecho el tribunal electoral qué pena que,
146,salgado romero hubiera entrado con el,
147,nuevo tc y hubiera mantenido al personal,
148,que reparte del fraude utilizado y no,
149,sólo pero más actas puede inducción del,
150,tema de encuestas,
151,él aprobó el tc arrow el 8 de julio un,
152,sistema de encuestas telefónicas sin,
153,bases de datos no lo voy a manejar pero,
154,tú para ser una impuesta requiere es una,
155,muestra representativa en el censo y el,
156,padrón tiene la muestra representativa,
157,mitad hombres ya mujeres distribución,
158,etaria por edades por zonas o regiones,
159,por ingreso por título profesional o no,
160,armas una muestra que refleje número de,
161,miles de encuestados lo que va a ser la,
162,votación del padrón donde está la base,
163,de datos,
164,telefónica había pandemia si apuestas,
165,por teléfono pregunten alguno que ha,
166,sido estados de llaman y te dicen que te,
167,llamas que adhirió por teléfono o este,
168,celular está el nombre de mi esposa es,
169,decir el de vida amigo puede estar a,
170,nombre mío y de repente por vamos a,
171,decir es varón,
172,y nada más después yo te puedo decir me,
173,llamo porque tengo 22 años vivo en santa,
174,cruz y nací la encuesta ok,
175,porque tienes que tener la base de datos,
176,telefónica y no puede que no se cuenta,
177,con ella porque sería ilegal difundir y,
178,el tc ha permitido que se haga esto sin,
179,las bases de datos nunca ha aumentado,
180,este primer cuadro que les mostré o la,
181,desviación profunda del sistema de,
182,expuestas y ha mantenido y preservado,
183,hay gente que se queja de que se,
184,mantiene el padrón hay gente que se,
185,queja del sistema de distribución aquí,
186,nosotros podemos demostrar que hubo un,
187,sistema inductivo manipulado entre tema,
188,de encuestas y creo ha sido ni siquiera,
189,auditado ni corregido y peor aún en,
190,sirte seguía manejando manejado ese,
191,tiempo lo utilice el otro en el debate o,
192,el señor villalta como para navegar que,
193,siga manejando esto el señor que,
194,permitió hacer el fraude,
195,y sigue seguía ahí y de observador,
196,rovelo dice que lo mantiene un amiguito,
197,de los encargados después el señor,
198,robert wise al que tiene mucho que,
199,rendirle cuentas al país que,
200,supuestamente está esperando para tomar,
201,el cargo y por eso no lo sueltan o no lo,
202,sacan no renueven al señor villana sería,
203,concebible que la señora charo principio,
204,del tribunal electoral después del,
205,fraude no y por qué sigue parte del,
206,equipo que fue parte de este favor,
207,debería que estar en salir y no servir,
208,en el tribunal,
209,electoral lo último otros,
210,yo espero sé que viene una batería de,
211,encuestas otra vez,
212,hubo debates después de 15 años altísima,
213,audiencia gracias por el respaldo todo,
214,el mundo sabe qué pasó no está gratis,
215,eso ya no puede tapar de repente se la,
216,puede tapar el sol con un dedo y el,
217,resultado de los debates la cámara y,
218,para anticorrupción si la puesta a tacón,
219,de dulce y arrogante fiebre sólo con,
220,dedos notables y que están haciendo,
221,ahora van a sacar encuestas de antes de,
222,los debates cuando el día de la subida,
223,del pib,
224,boliviano bolivian te van a mostrar una,
225,encuesta del sábado dominó nada más,
226,pregunta cuando se hizo pública nada más,
227,que eso no sí estaba registrada con el,
228,listado no cuanta planta gran nuestra,
229,empresa en contratos con el estado no,
230,quiere sólo representan no la absoluta,
231,falta de ética hay dueños de medios que,
232,son jefes de campaña de comunidad se,
233,levanta como el dueño de página 7 está,
234,bien y tiene derecho porque no tiene,
235,derecho de usar el medio para hacerte,
236,creer cosas de frente,
237,por la gente se da cuenta y nada más que,
238,cuando publique el pregunta el trabajo,
239,de campo o la fecha de publicación,
240,cuando sea consultar supuestamente sin,
241,base de datos,
242,después del debate les voy a mostrar el,
243,próximo y yo sé lo que está pasando y,
244,josep tabla para por nuestra y yo sé que,
245,viene el batacazo,
246,vamos a seguir camino carrera con esto,
247,que van a mostrar y nada más el último,
248,punto acá pregúntate si el más manipuló,
249,certificado y verificado por la ve a,
250,miles de actas y en cada acta había 150,
251,180 votos es manipular un servidor junto,
252,con las actas fraguadas centenares de,
253,miles de votos con enorme poder,
254,económico,
255,con la pata que él mismo se está,
256,mostrando ser que robo pregúntate si,
257,puedes manipular y para fraguar altas,
258,que representan cientos de miles de,
259,votos claro que puede manipular una,
260,encuesta de mil de 1500 de los mitos del,
261,poder económico que hay acá atrás es muy,
262,grande brasileños empresas chinas,
263,testaferros de maduro que subte maduro,
264,que son dueños de canales acá no tienen,
265,mucho que predecir llegar tuto quiroga,
266,de repente con otro se han acomodado,
267,conmigo no lloro con trans o ninguna,
268,noria de evo morales y con el testaferro,
269,de maduro la dirección de mi cama,
270,2,
271,pero que la manipulación todos vieron,
272,que el debate viene a ser titulares y,
273,gracias a las dos personas que han,
274,avisado que estaba todo preparado para,
275,hacer una llamada y de siempre,
276,ni la familia de carlos meza cree esto y,
277,la familia,
278,pero pero mire a lo que se publica hemos,
279,preguntado a los amigos de carlos meza y,
280,los amigos de la mesa tuvieron que decir,
281,que lo publica como noticia y llevar a,
282,publicar la respuesta diciendo lo que,
283,estás pensando,
284,ese es el grado de inducción que se está,
285,viendo en ese momento esto es titular lo,
286,pueden buscar hacer google del día,
287,siguiente de los cervantes,
288,nada más pregunten a los amigos más que,
289,los compañeros,
290,aquí esta opinión del siguiente,
291,encuestas lejos de la realidad,
292,el artículo de opinión pública respecto,
293,a esto sobre la investigación que ahora,
294,es demostrado y el primer cuadro que les,
295,mostré es el resumen de muchos años para,
296,que vean todo lo que fueron las,
297,desviaciones de lo que está pasando con,
298,las con las encuestas aquí está el deber,
299,de ubiría 3 quitado noticias,
300,al menos 30 personas no operan en el,
301,fraude sistema paralelo en el grado de,
302,manipulación que les decía de centenares,
303,de miles de votos por estar,
304,tremendamente manipulado y manipulada,
305,un número pequeño de muestras con,
306,empresas que tienen contratos,
307,millonarios con el estado y empresas que,
308,están difundiendo encuestas y los medios,
309,que se prestan que tienen contratos de,
310,varios centenares de miles de dólares,
311,con el estado fascista,
312,si yo estaría pagando a centenares de,
313,miles de dólares que no los tengo ni me,
314,voy a hacerlo para que hay una encuesta,
315,que se diseminen les aseguro que ustedes,
316,verían en la encuesta tuto quiroga es,
317,bad beat y pudieron agregar fútbol mejor,
318,que lionel messi barcelona lo quieren,
319,comprar para reemplazar los cuento acaso,
320,soy mi corazón y aunque le pase también,
321,por encima sería sería cobrar mil,
322,barcelona no voy a jugar nunca pero ese,
323,es el poder inductivo sin coca cola paga,
324,la encuesta preguntando quién es el,
325,mejor refresco,
326,ustedes saben perfectamente a dónde van,
327,y ahí está,
328,todo un esquema internacional de,
329,injerencia,
330,para manipular tu voto tu crees que lo,
331,hiciste para manipular el sistema de,
332,encuestas y dicho sea de paso aquí está,
333,el otro que hicieron el señor arse,
334,sabemos que el cajero del descargo,
335,sabemos que permitió que pesar en 4.500,
336,dólares del bolsillo de cada ciudadano,
337,para que el más haga palacios james el,
338,control y todo lo que se les ocurre que,
339,quemó las reservas internacionales para,
340,que ahora les sigue viniendo como faraón,
341,pero ahora sale que es algo no se,
342,recorte porque escapó el 6 de diciembre,
343,y va a volver a escapar si no se,
344,tuvieron en el debate destruyen el,
345,rastro de tartamudear el pobre estado,
346,titulado de nervioso y va a poder,
347,escapar abrazaremos porque está nervioso,
348,lo persigue su conciencia se fue el 6 de,
349,diciembre a méxico va a volver a escapar,
350,no sólo permitió que se respalde la,
351,economía boliviana,
352,latrocinio de 14 años sino que,
353,a su cuenta personal plata de los,
354,indígenas dinero de los funcionarios,
355,públicos transferencias de empresas,
356,transnacionales petroleras con razón,
357,desde volvió 10 mil 500 millones de,
358,dólares en 14 años y a costos,
359,recuperables se imagina el escándalo que,
360,hubiese si salven que un candidato roban,
361,a los indígenas del fondo indígena a los,
362,funcionarios públicos van der nos nos,
363,extorsiona para que el bocan planta en,
364,su cuenta y que salga que tienes dinero,
365,transferido de una cuenta de una empresa,
366,petrolera de extranjero y quiere ser,
367,presidente de bolivia y ahí sabemos cuál,
368,es la desesperación y cuál es el grado,
369,de manipulación al que quieren llegar el,
370,término con dos cuadros más aquí,
371,que debe olvidarse,
372,que va a haber conducción si el,
373,resultado electoral no va lo que dicen,
374,las encuestas,
375,ahí está la vinculación,
376,luis arce a nombre ver tirando producto,
377,te advierte que el resultado tiene que,
378,salir como patrón pues todas las,
379,encuestas que están sacando porque si no,
380,así en conclusión el bloque ángelus y,
381,que no te generan anarquía entonces,
382,humedades aprobar con fraude de las,
383,encuestas que estoy manipulando o algo,
384,golpe en las calles después eso es un,
385,chantaje machista inaceptable,
386,conmigo no sucede conmigo no van a poder,
387,yo saben y me conocen yo le recordé 80,
388,por ciento es cocaína de chapa de jordi,
389,transmutar butano yo me arreglo lina,
390,como no voy a dejar que nuestros hijos,
391,queden contaminados por la cocaína para,
392,convivir con un grupo de personas,
393,violentas que quieren bloquear el país,
394,sí no,
395,[Aplausos],
396,en los últimos dos meses,
397,rectificó ratificó que ha hecho una,
398,compresa y ha provisto estado pero se,
399,dice acá se señala que quiere ser,
400,acuerdo con evo morales cuando fue,
401,presidente por la divinidad que tenía,
402,bisabuelos molecular la y recibió,
403,amnistía el cato de coca en el chapare,
404,yo lo tanto es ir muy bien ahora dice,
405,que va a representar una alternativa,
406,claro si es que van a pagar hay cables,
407,internacionales que dicen que va a ser,
408,más a morales ya salió su jefe de,
409,campaña ha dicho quién va a ser,
410,presidente,
411,pongamos o sea el acuerdo porque él aquí,
412,debatimos del sábado y el enviar cambió,
413,cuatro veces de posición en la mañana,
414,estaba confirmado podrías debate del,
415,domingo en la noche después había,
416,rechazado después titulaba y una noche,
417,apareció,
418,y para quedar bien con camacho y su,
419,gente tuvieron que decir que una,
420,decisión de regalo para su presidente,
421,cambiado residentes asiste a un debate,
422,si usted y yo,
423,ah,
424,yo me conoce,
425,konerko morales jamás habrá acuerdo con,
426,bolivia,
427,[Aplausos],
428,no dejes que te diga que el margen de,
429,error después es porque no estamos,
430,después de delante caramba que la hora,
431,ya estaba a favor de tú te vas a contar,
432,toda clase de cuentos no van a saber de,
433,qué disfrazarse que un margen de error,
434,que había mucho indeciso y demás miedo,
435,la otra la última parte de la,
436,manipulación que seas es decir hay 30,
437,por ciento de indecisos y asignar una,
438,cuota parte de ese 30 por ciento de,
439,indecisos al movimiento al socialismo,
440,pero si una persona después de una,
441,relación matrimonial matrimonios a de 14,
442,años se divorcian puede estar indecisa,
443,la persona sobre si volver a casarse o,
444,con quién volverá a casarse pero no,
445,sobre retornar cuando la persona de la,
446,que se divorció después de 14 años sin,
447,embargo demuestra que esa proyección,
448,también es parte de,
449,y yo sé que encuestas que van a decir y,
450,con todo cariño al gobierno el de hacer,
451,5.000 encuestas de un día,
452,metodológicamente el evento,
453,hace 25 años estamos a hacer mil,
454,encuestas cada dos días durante diez,
455,días terrible para atender se está,
456,subiendo y está bajando particularmente,
457,cuando el rectorado es porque nosotros,
458,sí estamos trabajando de esa manera y si,
459,le vamos a mostrar eso al país entonces,
460,usted demuestra su manipulación yo,
461,demostraré con la verdad y finalmente te,
462,pido a ti que sabe lo que está pasando,
463,este sistema de manipulación que se ha,
464,visto de bellver éxito y se ha visto el,
465,corazón bien en otros lugares no es para,
466,robarme a mí,
467,yo quiero ser presidente de política,
468,para salvar la economía recuperada y que,
469,nunca más en mi patria,
470,[Aplausos],
471,empieza,
472,te quiere robar a ti te quiere encarnar,
473,a ti porque las consecuencias del tiempo,
474,que todos nosotros,
475,entonces eso es lo que quería mostrar,
476,compartir y pedir a la gente que si,
477,quieres votar por el miedo,
478,con la consigna utilitaria de para que,
479,no sea el más ahora que sea cualquier,
480,otro no te conformes con cualquiera,
481,buscar lo mejor busca el proyecto que te,
482,puede dar la respuesta que te salva la,
483,economía que te preserva el bolsillo que,
484,te cuida el empleo que te asegura que,
485,bolivia nunca pasó de ser un satélite de,
486,padrinos caribeños y esa cuadrilla,
487,criminal de venezolanos y cubanos,
488,si quieres transformador líneas de,
489,verdad salvando del colombiano aquí,
490,estamos,
491,si quieres conformarte con otro mayor,
492,conformarte con el de cualquier posible,
493,al werder más hay otras opciones porque,
494,te vas a conformar con cualquier otra,
495,cosita tú has visto los debates tú sabes,
496,lo que estaba pasando tú sabes que tiene,
497,dos propuestas sabes quién tiene la,
498,capacidad y yo estoy en esto porque,
499,estoy agradecido con mi padre,
500,soy un cochabambino que creció en santa,
501,cruz que vive en la paz,
502,y le doy mi vida a esta causa y bolivia,
503,me ha preparado para responder a,
504,dificultades económicas porque las super,
505,sortear en el pasado,
506,bolivia me ha ayudado a enfrentar a la,
507,tiranía venezolana igual entonces si,
508,quieres salvar la economía hoy aquí es,
509,pero si quieres recuperar la democracia,
510,hoy para siempre aquí estoy y estamos de,
511,pido que votes con fuerza con gente con,
512,ganas con fe o por miedo no utilitario o,
513,responsable,
514,[Aplausos],
515,0,
516,si hubiera si no hubiera sido por toda,
517,la manipulación ya estaba garantizado,
518,segundo que hace el acto porque si tú,
519,ves publicado todo el día que la ley de,
520,la gravedad no aplica podría mucha gente,
521,pero deben ser si publican una y otra,
522,vez que la ley de gravedad nuestra,
523,vigente política es porque está bien y,
524,te vas a estrellar y entiendo que tengo,
525,que conseguir,
526,estoy consciente de la novedad vino a mí,
527,de aquí porque la constitución dice que,
528,el voto es individual libre e informado,
529,no tendré baño digital manipulado están,
530,buscando hacer ahora entonces por eso,
531,estoy aquí por eso siga hablando y nada,
532,más de muestra basta un botón,
533,todos saben que ha pasado prestado del,
534,domingo en los debates y por eso no,
535,querían puestos estábamos terminando,
536,porque todos los conocemos y todos,
537,sabemos quién podrá probar la economía y,
538,gente y que puede dar respuestas firmes,
539,para rescatar la democracia y 15 marco,
540,real y asusta no por eso yo le pido a la,
541,gente que no nos dejemos utilizar un,
542,manipular cómo se van tenemos que votar,
543,consciente y responsable para salvar,
544,bolivia himno que nos deben de un lugar,
545,a otro eso ha sido parte del sistema de,
546,manipulación e inducción y el voto que,
547,estudió y fíjense la contradicción,
548,promos grandes grupos de amigos juntas,
549,de vecinos gremios,
550,casi todos queremos votar por ti muchos,
551,queremos votar por ti pero veo los,
552,medios y dice que nadie quiere votar por,
553,ti turinés esa contradicción entonces te,
554,están diciendo pienses apaga tu cerebro,
555,para morgan y que vamos a llevar para,
556,allá y aunque a la gente decir la verdad,
557,lo que viene es durísimo en la parte,
558,económica yo lo hizo la verdad es tener,
559,a morir yo diría ustedes ven a varios,
560,copiando las propuestas pueden copiar,
561,copy-paste es fácil hacer lo que yo les,
562,propuesta donde no puede copiar ni,
563,replicar en la capacidad de experiencia,
564,de equipo y las mesas,
565,[Aplausos],
566,pero la realidad es bien sencilla quién,
567,puede salvarle con bien y garantizar el,
568,más no por la más esto tuvieron quien,
569,puede después de seis años escribir el,
570,mejor libro,
571,[Aplausos],
572,cómo analiza a una semana,
573,cada uno vive todas sus decisiones la,
574,presidenta antes yo lo dije con mucha,
575,pena que fue un error garrafal histórico,
576,ella tenía cabeza historias morales se,
577,lo dije,
578,este año,
579,y le dije que era un error y va a,
580,generar ingobernabilidad y hacer muy,
581,difícil del tratamiento de la,
582,del quehacer institucional dicho y hecho,
583,casi pasó que iba a ser víctima de san,
584,judas persecuciones dicho y hecho más,
585,invasor ella había sido desechada por un,
586,proyecto no estado ni siquiera el,
587,parlamento quisieron usar la gente para,
588,acomodarse para salvar siglos,
589,normalmente que ella responda a los,
590,desafíos históricos haciendo historial,
591,sin colecciones manejando la transición,
592,y atendiendo el coronavirus es un error,
593,el que hubiera buscaba hacer campaña yo,
594,le dije en europa misma posición que,
595,sostengo ahora que sus estudiantes y,
596,ustedes recuerdan que generosa con,
597,vídeos un documento fijando mi posición,
598,sobre esto porque a diferencia de autos,
599,bolivianos yo como siempre puse la cara,
600,en la vela y el mercosur y señal de club,
601,o sucesión constitucional y no sólo,
602,porque conocen tirano prófugo evo,
603,morales por eso tenía que dejar claro de,
604,que como muchos publicanos yo también,
605,fui ganar o si se quiere me dijeron una,
606,versión propia porque fui a decir el,
607,único objetivo la única visión de la,
608,transición,
609,y por eso puede proponer vuelvo a decir,
610,a la reelección presidencial inmediata,
611,es veneno para la democracia la perdimos,
612,18 años del 64 la perdí mis 14 años,
613,neutrales y se empañó la transición por,
614,la reelección presidencial inmediata voy,
615,a cambiar la constitución para eliminar,
616,nunca más varones y perros y luego voy a,
617,hacer por convicción y lo voy a hacer,
618,porque la semana pasada lunes martes y,
619,miércoles y exento al tirano de honor,
620,antes en la corte de san josé pues de,
621,serviberia peregrinar por todo el mundo,
622,tardé siete años pero si lleva lágrima,
623,ni el no me canso y no ve ring y me fui,
624,a la cdh estaba insulsa me peleé con,
625,insulsamente de con almagro con narrado,
626,con el ebook que brasil no ayudó,
627,finalmente colombia elevó la opinión,
628,consultiva ante la corte de san josé,
629,ramón mestre si un mil cuatro veces,
630,haber un residente duque en gracia el,
631,presidente duque le llevamos las firmas,
632,de las valerosas plataforma,
633,de gracia que llevo aquí también para,
634,recoger gracia y cuestionando camacho,
635,siempre hay que reconocer a los de,
636,trabajar para recolectar las firmas y,
637,colombia vio que éste no era un capricho,
638,el título que era una aspiración,
639,societaria bolivia dijo no queremos que,
640,se respete nuestro voto y los el vamos a,
641,corporales en la corte de san josé 5 un,
642,ciudadano docente ante la corte de san,
643,josé para que se ratifique por siempre y,
644,para siempre el bolivia dijo no deporte,
645,el presidente y miles de artículos que,
646,evo morales resto por su corrupción su,
647,narcotráfico su exterminio porque 'no lo,
648,exigen y su depravada vergonzosa,
649,inmoralidad ante la justicia nacional e,
650,internacional conmigo que esa betis,
651,historia el presidente no va a estar,
652,agazapado la frontera esperando que pasa,
653,para estar en un escondido según,
654,garantizó el saben y yo no sé también,
655,porque él es cobarde y yo sé que eso va,
656,río ha prestado su justicia su,
657,persecución 14 años por los días el,
658,bando 24 escobar haber tirado y por eso,
659,ahora,
660,de la hoya y de lo que dijo el cobarde,
661,dijo,
662,si ganamos vuelvo a la liga no hay que,
663,condicionar de que vamos de estar aquí,
664,entrenando por la parte solamente si,
665,tengo impunidad no lloro enfrentado,
666,todos los días hace 7 años que me tiene,
667,corretearon inicial dicho sea de paso,
668,presidenta ni ustedes gobierno de,
669,transición porque usted mantiene las,
670,acusaciones de la pantalla del banquillo,
671,contrato tuyo gas del cajero de test,
672,para autorizar se han visto las máquinas,
673,también él y su esposa levantó lyon se,
674,sacaron plata de los empleados el de,
675,sentencia por difamación cuando denuncie,
676,la corrupción de arce del bandoneón,
677,nivel nacional y si no ha iniciado y si,
678,bien viciado bubble bando actual como el,
679,señor marco isla ministro de señora ya,
680,mí me presidenta por pero sigue haciendo,
681,y porque seguimos con yacimientos y,
682,lejía y enjuiciando y persiguiendo a,
683,otro cultivo alternativo y así no voy a,
684,llorar pero nada más preguntó por qué,
685,mantener vigentes esa patán y amorales,
686,el tirano prófugo y siga hablando y,
687,cuando vuelves a responder ante la,
688,justicia,
689,evo morales deja de hacernos pasar,
690,vergüenza porque en otras partes del,
691,mundo tiene miedo de invitarme por favor,
692,que te vayas a la quinceañera,
693,luego,
694,bien,
695,Senador Estadounidense Bernie Sanders: Le tengo un gran respeto como líder electo,
696,"con millones de partidarios en su país, pero no puedo quedarme callado mientras usted defiende,",
697,ayuda e incita a un tirano como Evo Morales de manera incondicional y repetida.,
698,"Nuestra Constitución Boliviana limita a los presidentes a una reelección y dos mandatos,",
699,"al igual que en Estados Unidos. Pero Evo forzó
un fallo en 2013, de sus jueces dóciles,",
700,"para permitirse un tercer mandato. En 2016
llamó a referéndum para conseguir uno adicional,",
701,"el pueblo Boliviano votó NO. Luego presionó
por otro fallo, estableciendo que la reelección",
702,"indefinida era un ""derecho humano"" de la OEA,
y se postuló para un CUARTO mandato.",
703,"En las elecciones del año pasado, Evo y su
gente falsificaron firmas, alteraron las actas,",
704,"los muertos votaron y cuando eso no fue suficiente
... detuvo el conteo rápido y montó servidores",
705,ocultos para modificar más actas.,
706,"Los jóvenes aca, como los jóvenes que se
presentan en sus mítines en Estados Unidos,",
707,"salieron en masa para defender nuestra democracia
en las calles de Bolivia.",
708,"La auditoría irrefutable de la OEA, que Evo
había pedido y aceptado como VINCULANTE,",
709,"demostró que la elección fue amañada. El
10 de Noviembre anuló el fraude y convocó",
710,"a nuevas elecciones con un nuevo Tribunal
Electoral. Luego huyó a México.",
711,"Catorce días después, los representantes
en el Congreso de Evo, con más de 2/3 del",
712,"Parlamento actual, aprobaron UNÁNIMAMENTE
la ley que hizo exactamente lo que pidió,",
713,"y ratificó la validez constitucional de solo
dos mandatos presidenciales.",
714,"Es muy claro: fue un fraude, no un golpe.
De hecho es Evo Morales quien perpetró un",
715,"golpe de Estado en cámara lenta a lo largo
de los años, siguiendo el manual diseñado",
716,por su amigo Maduro en Venezuela.,
717,"El dinero del petróleo chavista ha financiado
a académicos y ""pensantes"" en su país para",
718,"defender la completa aniquilación de Venezuela, donde nunca tan pocos, con tanto poder, durante",
719,"tanto tiempo, han destruido completamente la democracia",
720,y exterminado la economía de un país tan rico.,
721,"Estos mismos ""académicos"" sugieren que, ""estadísticamente"",",
722,Evo podría haber ganado las elecciones Bolivianas del año pasado sin fraude.,
723,"Señor, con el debido respeto, una moneda
lanzada cinco veces puede caer cinco veces seguidas en ""cruz"";",
724,esto puede suceder estadísticamente una vez cada 32 veces que se repite este ejercicio.,
725,"Pero si la moneda está amañada y tiene ""cruz"" en ambos lados,",
726,"será ""cruz"" cada vez, si la lanza una o mil veces.",
727,"En mis días como ingeniero de sistemas de IBM, aprendí un hecho simple: basura entra, basura sale.",
728,"La basura, disfrazada de análisis académico para defender el fraude, sigue siendo basura,",
729,incluso si se publica en medios de comunicación respetados.,
730,"Hay muchas críticas bien fundadas sobre el
gobierno de transición en mi país,",
731,"he expresado muchas,",
732,"pero no se deben utilizar para defender
a Evo Morales, un autócrata despiadado",
733,"que amordazó a la prensa libre, criminalizó
a la oposición, cerro instituciones, protegió",
734,"la cocaína, violó la Constitución, desautorizó
los resultados de un referéndum vinculante",
735,"y cometió un fraude electoral masivo. Desde un punto de vista moral,",
736,"la depravación personal del expresidente es indefendible,",
737,"muchos preguntan: si aparecerá, en Netflix,",
738,"en una nueva temporada de las series televisivas de ""Narcos"" o ""Jeffrey Epstein"".",
739,"Cuando los Bolivianos huían al exilio, de
la persecución de Evo, el repetia una frase:",
740,"""el que se escapa es un delicuente confeso"".
Lo hizo, lo es.",
741,"Estoy seguro de que si un presidente de EE.UU. Buscara un cuarto mandato consecutivo,",
742,"mientras manipula el sistema de votación
por correo, usted también, señor,",
743,"Senador Sanders estaria en las calles de EE. UU.,",
744,"""Pitita"" a mano, gritando ""nadie se cansa, nadie se rinde"".",
745,""", marchando por elecciones libres y justas,
por el respeto de la Constitución, por la",
746,democracia y contra el fraude.,
747,"Lamento que sigas entrometiéndote en los
asuntos Bolivianos una y otra vez,",
748,"mientras abrazas a los tiranos latinoamericanos. No
quiero entrometerme,",
749,"pero está claro que tiene la intención de golpear a Almagro, a la OEA y a mi país,",
750,"para intentar sumar puntos contra sus oponentes Republicanos y reavivar su juventud,",
751,"pero eterno, enamoramiento de Castro. Bueno, no podrá intimidar a Bolivia,",
752,"pero puede entregar Florida a sus oponentes, nuevamente. Explíquele eso a su partido politico.",
753,"Bendiciones para usted y su maravillosa familia,
de todos los Bolivianos que viven en libertad.",
